FID,NAME,KIND
0,大沙河初级中学,A703
1,北七村中心小学,A702
2,利尚屯中心幼儿园,A701
3,碱厂中心小学,A702
4,南开区教育局百花幼儿园,A701
5,北辰区模范小学,A702
6,葛沽荣程幼儿园,A701
7,天津师范大学,A700
8,南开区水上小学仁爱校区,A702
9,天津市化学工业学校,A708
10,南开区第四幼儿园,A701
11,河西区澧水道小学,A702
12,天津青年职业学院,A700
13,天津职业大学北门,A700
14,天津现代艺术职专,A708
15,天津市回民中学,A703
16,西营门外小学,A702
17,居华里幼儿园,A701
18,天津理工大学新校区,A700
19,天津华夏管理进修学院,A700
20,天津医科大学南门,A700
21,天津崇化中学,A703
22,天津农学院,A700
23,河北工业大学东院,A700
24,天津体育学院,A700
25,天津中医药大学,A700
26,卫东路小学,A702
27,天津市南开汽车维修学校,A709
28,天津财贸管理干部学院,A700
29,天津市美术中学,A703
30,天津市华夏专修学院,A700
31,天津市社会主义学院,A700
32,天津市天工机电技术学校,A708
33,天津中学南门,A703
34,微山路中学西校区,A703
35,南开大学南门,A700
36,南开大学西门,A700
37,水上小学红旗南路校区,A702
38,南湖小学,A702
39,天津美术学校冶金路校区,A708
40,赵庄中心小学,A702
41,灰堆第一小学,A702
42,天津中北中学,A703
43,天津音乐学院北校区,A700
44,田丽小学,A702
45,蓟县师范学校附属小学,A702
46,水上小学温泉校区,A702
47,开发区国际学校天津分校,A703
48,金贝贝幼儿园,A701
49,天津广播电视大学建筑工程学院,A700
50,新起点幼儿园,A701
51,南开区十五幼儿园,A701
52,天津市物资贸易学校,A708
53,邵公庄小学,A702
54,天津广播电视大学,A700
55,天津市兴南中学,A703
56,鞍山道小学,A702
57,群星小学分校,A702
58,天津五十一中学,A703
59,天津大学北门,A700
60,天津市老年人大学,A709
61,大任庄小学,A702
62,大任庄幼儿园,A701
63,天津大学网络教育学院,A700
64,慧翔职专,A708
65,津南区宋庄小学,A702
66,大安小学,A702
67,国土资源和房屋职业学院,A700
68,南开大学,A700
69,天津大学,A700
70,天津美术学院北院,A700
71,天津市第一百中学,A703
72,杨柳青一中,A703
73,西青区委党校,A700
74,天津理工大学中环信息学院,A700
75,天津市南洋工业学校,A708
76,武清区特殊教育学校,A709
77,杨村三小,A702
78,四里沽联合小学,A702
79,水上小学,A702
80,炮台庄第一幼儿园,A701
81,中德职业技术学院北院,A708
82,北辰区实验小学,A702
83,瑞景小学,A702
84,天津市宝坻区奥拓幼儿园,A701
85,静海镇第三小学,A702
86,河北区实验小学,A702
87,天津师范大学第二附属小学分校,A702
88,建设路小学,A702
89,新星小学分校,A702
90,北辰区教师进修学校,A709
91,杨柳青二中,A703
92,宝坻区职工卫生学校,A708
93,茶淀中学,A703
94,南洋中学,A703
95,南开区五马路小学新校区,A702
96,泰达第二幼儿园,A701
97,天津市咸水沽第一中学,A703
98,河东三幼,A701
99,友爱道小学,A702
100,王家场小学,A702
101,天津市烹饪技术学校,A708
102,河东宝宝乐幼儿园,A701
103,天津二十中学北校区,A703
104,路华中学,A703
105,天津电大大港分校奥鹏远程教育学习中心,A709
106,大港区教师进修学校,A709
107,天津市塘沽第一中学,A703
108,沿河小学,A702
109,天津市航空运动学校,A708
110,天津市南开中学南院,A703
111,南开社区学院,A700
112,南开区老年大学,A709
113,大港区第九小学,A702
114,天津公安警官职业学院,A700
115,天津大港第八中学,A703
116,天津市双港中学,A703
117,天津瑞景中学,A703
118,蓟县第二小学,A702
119,中北镇幼儿园,A701
120,英华学校北门,A703
121,河东区第十幼儿园,A701
122,大港区第二幼儿园,A701
123,芦台二小,A702
124,河东区教育中心,A709
125,开江道小学,A702
126,天津市河北区第十四幼儿园,A701
127,增产道小学,A702
128,天津七十八中学,A703
129,灰锅口中心小学,A702
130,农行天津分行培训中心,A709
131,天津市立德中学北校区,A703
132,天津市茂林技术学校,A708
133,天津商学院宝德学院,A700
134,下朱庄中心小学,A702
135,宝坻一中,A703
136,宝鑫幼儿园,A701
137,北环路小学,A702
138,红桥区第八幼儿园,A701
139,天津市工贸学校,A708
140,天津市交通技校驾校,A706
141,天津市晟楷中学,A703
142,南开区第五幼儿园,A701
143,天津市南孙庄中学,A703
144,南开职专黄河道校区,A708
145,天津市大港区第二幼儿园,A701
146,大港二中,A703
147,天津市宜兴埠驾校,A706
148,宜兴埠镇中心幼儿园,A701
149,天津九十六中,A703
150,天津市聋哑学校,A709
151,天津市园林学校,A708
152,杨村第五中学北门,A703
153,英华幼儿园,A701
154,城关镇第三小学,A702
155,天津市南英小学,A702
156,天津美术学院南院,A700
157,天津市第三十中学,A703
158,南开实验学校小学部,A702
159,汉沽成人中专,A708
160,河东一幼,A701
161,河东区第一中心小学,A702
162,新开中学,A703
163,静海县师范学校,A703
164,静海镇第四小学,A702
165,贻成小学,A702
166,双建中学,A703
167,大港区英语实验小学,A702
168,宝坻五中,A703
169,河北屯镇初级中学,A703
170,河北屯镇振华完全小学,A702
171,后巷中学,A703
172,天津市武清卫校,A708
173,西掘河村幼儿学校,A701
174,天津市经济贸易学校,A708
175,塘沽区实验学校,A703
176,天津塘沽中专学校,A708
177,津南区第一幼儿园,A701
178,新华中学分校,A703
179,汊沽港镇六道口中心小学,A702
180,豆张庄乡南双庙中心小学,A702
181,武清区上马台第一小学,A702
182,旧县中心小学,A702
183,河西务镇孝力中心小学校,A702
184,北闸口中学,A703
185,天津新东方学校,A709
186,五马路小学南校区,A702
187,天津民族中专,A708
188,天津钢管公司中学,A703
189,武清区第二幼儿园,A701
190,静海县第五中学,A703
191,天津市宝坻区牛家牌中学,A703
192,口哨中心小学,A702
193,杨庄小学,A702
194,静海镇第五小学,A702
195,上马台镇第二小学,A702
196,杨柳青东咀小学,A702
197,芦台第二中学,A703
198,薛庄中心小学,A702
199,裕川艺术幼儿园,A701
200,联华驾校,A706
201,上海道小学,A702
202,新华中学,A703
203,多彩光谱瑞江幼儿园,A701
204,西青中等专业学校,A708
205,普东街第一中心幼儿园,A701
206,金苹果幼儿园,A701
207,正心小学,A702
208,天津市职工经济技术大学,A709
209,赵庄中学,A703
210,金沙江路小学,A702
211,天津市第四中学,A703
212,天津二中,A703
213,昆纬路第一小学,A702
214,天骄高级中学,A703
215,天津交通职业学院东校区,A708
216,南开区建民里小学,A702
217,河西区第二幼儿园分园,A701
218,宝坻二中,A703
219,东棘坨中学,A703
220,八门城中学,A703
221,大辛中学,A703
222,先达驾校,A706
223,三十中附属小学,A702
224,西肖庄中心小学,A702
225,刘靳庄小学,A702
226,天津市塘沽区新港中学,A703
227,天津师范大学第二附属小学,A702
228,南开中学兴南社区学校,A709
229,宝坻区高家庄镇胡家园小学,A702
230,南王平镇中心幼儿园,A701
231,天津五中东校区,A703
232,天津市雷锋小学,A702
233,武清区体育运动学校,A708
234,天津市铃铛阁中学,A703
235,天津市塘沽区第二中心小学,A702
236,武清区南蔡村中学,A703
237,天津市第九十五中学,A703
238,河东区翔宇小学,A702
239,天津市塘沽区第七幼儿园,A701
240,大口屯镇第一初级中学,A703
241,柴庄中心小学,A702
242,滨湖中学,A703
243,河西十七幼,A701
244,康达第一驾校,A706
245,蓟县渔阳镇第一中心小学,A702
246,英华学校东门,A703
247,南蔡村镇中学,A703
248,华夏未来友缘英语幼儿园,A701
249,武清区大良镇双树小学,A702
250,微山路中学,A703
251,兴华小学,A702
252,天津北仓二中,A703
253,天津财经大学马场道校区,A700
254,中心东道小学,A702
255,育英中学,A703
256,泗蒲棒小学,A702
257,大毕庄小学,A702
258,天津市汉沽区第六中学,A703
259,天津现代职业技术学院,A700
260,天津工业大学东门,A700
261,塘沽区朝阳小学,A702
262,天津市第六十六中学,A703
263,天津中医药大学中院,A700
264,河北区第六幼儿园,A701
265,天津市第七十二中学,A703
266,天津市汾水道小学,A702
267,天津市汉沽区盐场小学,A702
268,天津市汉沽区第八中学,A703
269,天津市汉沽中专,A708
270,天津市汉沽区第二中学,A703
271,天津市五十中学,A703
272,天津市第四十三中学,A703
273,南华中学,A703
274,天津汉沽电大,A700
275,武清烹饪职业技能培训学校,A709
276,红太阳幼儿园,A701
277,河西区第二十二幼儿园,A701
278,天华实验中学,A703
279,天津市三十二中学,A703
280,天津市雍阳中学,A703
281,天津市司法警官学校,A709
282,育婴里小学育英校区,A702
283,大口屯高级中学,A703
284,天津新华职工大学,A700
285,昆明路小学总校,A702
286,曹子里乡前台幼儿园,A701
287,泗村店中心小学,A702
288,天津市宝坻区华苑小学,A702
289,天津市河东区第二幼儿园,A701
290,天津外国语学校,A703
291,铁路三中,A703
292,天津市新纪元中学,A703
293,中国北方曲艺学校,A708
294,梅厂镇张大庄中心小学,A702
295,咸水沽二中,A703
296,天津市第二十一中学,A703
297,大碱厂镇第二小学,A702
298,武清县豆张庄乡青坨小学,A702
299,南双庙初级中学,A703
300,第二十一幼儿园,A701
301,天津英华学校,A702
302,天津市津南区白塘口小学,A702
303,大张庄小学,A702
304,天津市九十二中学,A703
305,八里台中心小学,A702
306,中铁十八局集团有限公司技工学校,A708
307,万全道小学,A702
308,宁河县商业学校,A708
309,天津市第６１中学,A703
310,和平四幼,A701
311,逸阳小学,A702
312,天津市北辰区集贤里第二幼儿园,A701
313,上海道小学,A702
314,塘沽育华中学,A703
315,天津市汉沽体育场小学,A702
316,天津市第三中学,A703
317,慧翔职专南院,A708
318,杨柳青第四中学,A703
319,天津交通职业学院,A700
320,天津市税务学校,A708
321,田庄中学,A703
322,天津体育学院东门,A700
323,天津市西青区水高庄小学,A702
324,东马圈镇初级中学,A703
325,天津国际学校,A709
326,耀华嘉诚国际中学,A703
327,白古屯小学,A702
328,大押虎寨中心小学,A702
329,天津电大西青分校,A700
330,滨海琴行艺术培训学校上海道总校,A709
331,王庆坨镇一街完全小学,A702
332,塘沽盐场中学,A703
333,广州道小学,A702
334,双街镇创新幼儿园,A701
335,崔黄口中学,A703
336,长芦海晶职校,A708
337,天津市津南区后营小学,A702
338,大魏庄小学,A702
339,津南区农业机械技术学校,A709
340,崔黄口镇北中心小学,A702
341,民进务实一幼,A701
342,天津市津汉职业中专,A708
343,津源中学,A703
344,高家楼中心小学,A702
345,西双塘中心小学,A702
346,静海县双塘镇中学,A703
347,安乐中心小学,A702
348,西青道中学,A703
349,天津市西青区当城小学,A702
350,天津市南开中学,A703
351,花园新村幼儿园,A701
352,逸夫小学,A702
353,大桃园中心小学,A702
354,无梁庙小学,A702
355,太子务中心小学,A702
356,太子务村幼儿园,A701
357,大谋屯中心小学,A702
358,河西区第二十一幼儿园,A701
359,天津市双水道中学,A703
360,天津市枫林路中学,A703
361,天津市复兴中学,A703
362,泰达国际学校,A703
363,红太阳素质教育基地,A709
364,天津石油职业技术学院,A700
365,王庆坨中学,A703
366,昆鹏小学二分校,A702
367,双桥河第二小学,A702
368,大良镇安家务小学,A702
369,大龙湾小学,A702
370,闫皮庄中心小学,A702
371,大毕庄中学,A703
372,曹子里乡曹子里中心小学,A702
373,天津市第十九中学,A703
374,塘沽十五中,A703
375,天津市津英中学,A703
376,天津华泽高级中学,A703
377,天津静文高级中学,A703
378,泗村店镇中学,A703
379,津南区学生劳动教育基地,A709
380,南蔡村镇成人教育学校,A709
381,蓟县下仓中学,A703
382,南开大学滨海学院,A700
383,台头镇二堡小学,A702
384,中心桥双语幼儿园,A701
385,华兰国际幼稚园,A701
386,河西区中心小学,A702
387,向阳第三小学,A702
388,天津海员学校,A709
389,大庆道小学,A702
390,生物工程职业技术学院,A700
391,大孙庄小学,A702
392,崔黄口镇后巷中心幼儿园,A701
393,天津大港一中,A703
394,天津市红桥区第一幼儿园,A701
395,新村小学,A702
396,汊沽港镇一街中心小学,A702
397,汊沽港镇初级中学,A703
398,城上小学,A702
399,南开中心小学分校,A702
400,糙甸中学,A703
401,红桥区第十四幼儿园,A701
402,杨村第六中学,A703
403,河头中学,A703
404,蒙中学,A703
405,新安镇一中,A703
406,崔黄口镇于家庄中心小学,A702
407,芦台镇第四小学,A702
408,辛庄中心小学,A702
409,天津市民族中学,A703
410,海河中学,A703
411,耀华中学南门,A703
412,天津市西青区第六埠小学,A702
413,新袁庄中心小学,A702
414,双口小学,A702
415,大孟庄中心小学,A702
416,天津市第二体育运动学校,A708
417,陈官屯小学,A702
418,惠丰学校,A702
419,静海县大庄子中学,A703
420,天津市树才中学,A703
421,万科实验模范小学华苑校区,A702
422,天津中学,A703
423,蓟县渔阳中学,A703
424,大柳滩幼儿园,A701
425,西柳行小学,A702
426,宁车沽小学,A702
427,宝坻四中,A703
428,天津宝坻中专,A708
429,宝坻区委党校,A700
430,天津市电子计算机职业中等专业学校,A708
431,河北外国语中学,A703
432,昆纬路第一小学分校,A702
433,吴庄驾校,A706
434,南开中心小学,A702
435,天津市苏家园学校,A703
436,天津劳动经济学校,A708
437,杨柳青三中,A703
438,刘快庄小学,A702
439,豆张庄中心小学,A702
440,杨村街第一小学,A702
441,王庆坨镇六街小学,A702
442,天津音乐学院附属中等音乐学校,A708
443,溏沽十三中,A703
444,咸水沽第四小学,A702
445,徐官屯街段庄中心小学,A702
446,天津对外经济贸易职业学院北门,A700
447,ＬＧ南王平希望中心小学,A702
448,赵沽里中心小学,A702
449,天津求知中学,A703
450,天津铁道职业技术学院南校区,A700
451,红星路小学,A702
452,梅厂中学,A703
453,天津市小淀中学,A703
454,闽侯路小学三分校,A702
455,天津市葛沽第一中学,A703
456,天津市蓟县下仓镇中学,A703
457,中西学校,A703
458,天津市宝坻区何仉庄中学,A703
459,口东镇黑狼口中学,A703
460,昆纬路第一小学新校区,A702
461,杨村第三中学,A703
462,十四户学校,A702
463,跃进里小学,A702
464,大良镇北小营中心小学,A702
465,下伍旗镇忠义中心幼儿园,A701
466,下伍旗镇初级中学,A703
467,天津市和平艺术中学,A703
468,芦台五中,A703
469,武清县汊沽港镇四街小学,A702
470,津门小学,A702
471,北辰区朱唐庄小学,A702
472,梅江中学,A703
473,天津市第十四中学,A703
474,天津师范大学附属小学,A702
475,振华驾校,A706
476,第一中心小学,A702
477,塘沽十幼,A701
478,东马房小学,A702
479,集贤里小学,A702
480,下伍旗中心小学,A702
481,河北十幼学前部,A701
482,宝坻区大口屯镇第一中心小学,A702
483,天津城市职业学院红桥分院北洋校区,A700
484,武清城关中学,A703
485,宝坻区牛家牌中心小学,A702
486,王庄军民小学,A702
487,大王古庄中学,A703
488,草场街小学,A702
489,许辛庄小学,A702
490,黄花店初级中学,A703
491,黄花店中学,A703
492,大港四小,A702
493,良王庄中学,A703
494,天津市大港四中,A703
495,大港区第五小学,A702
496,塘沽区委党校,A700
497,哈密道小学,A702
498,天津市和平保育院,A701
499,小站一小,A702
500,袁辛庄完全小学校,A702
501,石各庄镇中学,A703
502,塘沽一幼,A701
503,津南区双闸中心小学,A702
504,汊沽港乡二街中心小学,A702
505,天津大沽化教育中心,A709
506,塘沽九中,A703
507,石各庄成人文化技术学校,A709
508,塘沽新湖学校,A702
509,大道张庄小学,A702
510,河西务镇中白庙完全小学,A702
511,北陈庄下伍旗镇中心小学,A702
512,首驿小学,A702
513,天津市青华学校,A703
514,武清区东马圈中心小学,A702
515,庞肖中心小学,A702
516,龚庄小学,A702
517,康宏驾驶员培训中心,A706
518,武清区黄庄乡马家口小学,A702
519,青光小学,A702
520,天津市河头学校,A703
521,渤海石油第二小学,A702
522,辛侯庄小学,A702
523,洪湖里小学,A702
524,天津市直机关幼儿园,A701
525,天津市红星职业中专,A708
526,北辰中专,A708
527,梁头中心小学,A702
528,双街镇第一中心幼儿园,A701
529,霍庄子小学幼儿园,A701
530,石各庄镇委员会党校,A700
531,育才幼儿园,A701
532,真爱幼儿园,A701
533,石各庄镇第二中心小学,A702
534,中心庄中学,A703
535,天津市蓟县大上中学,A703
536,枣林小学,A702
537,大王古庄镇第二中心小学,A702
538,北闸口中心小学,A702
539,天津市塘沽区育才中学,A703
540,葛沽实验小学,A702
541,西小良中心小学,A702
542,天津市武清区成人中专,A708
543,当城中学,A703
544,塘沽五幼,A701
545,上马台镇初级中学,A703
546,上马台小月亮幼儿园,A701
547,渤海石油第一小学,A702
548,徐庄小学,A702
549,河西务镇扶头中心小学,A702
550,杨村第七中学,A703
551,天津师大学前教育学院武清附属幼儿园,A701
552,辛口镇中心小学,A702
553,大刘堡完全小学,A702
554,宝坻区尔王庄中心小学,A702
555,王庆坨镇初级中学,A703
556,天津大港实验中学,A703
557,天津市大港实验小学,A702
558,天津市东堤头中学,A703
559,天津渤海职业技术学院北校区,A700
560,津南区少年儿童体育学校,A709
561,天津大港官港学校,A703
562,武清区陈咀镇中学,A703
563,艾蒲庄小学,A702
564,安光希望小学,A702
565,大良镇中心小学,A702
566,钢管公司小学,A702
567,天津市东丽区华明学校,A703
568,天津市大港区第一幼儿园,A701
569,东羽小学,A702
570,河西务镇中心幼儿园,A701
571,东堤头小学,A702
572,沐钰幼儿园,A701
573,天津市小东庄中学,A703
574,塘沽区职工中学,A703
575,塘沽区贻成幼儿园,A701
576,精通学院,A708
577,西关回民小学,A702
578,天津市塘沽区河头小学,A702
579,兴华里学校,A703
580,豆张庄乡茨洲中心小学,A702
581,国家人事部职业经理资质认证天津培训中心,A709
582,新东方学校第二教学区,A709
583,天津市田家炳中学,A703
584,和平十三幼,A701
585,天津市第二十四中学,A703
586,英之辅教育语言培训中心,A709
587,河北区第二实验小学,A702
588,天津市和平区民族幼儿园,A701
589,河东区实验小学分校,A702
590,韩家墅小学,A702
591,霍元甲文武学校新未来幼儿园,A701
592,天津台球学校,A709
593,南开实验学校小学部,A702
594,卓美幼教,A701
595,新东方学校河东教学区,A709
596,天津市河北区启智学校,A709
597,河北区特殊教育中心,A709
598,小天使儿童活动乐园,A709
599,天津生物工程职业技术学院河北校区,A700
600,东安驾驶职业培训学校,A706
601,瑞益民族幼儿园,A701
602,北仓闫庄驾校,A706
603,天津工艺美术学校,A708
604,新村幼儿园,A701
605,河西区特殊教育中心,A709
606,河东区青少年业余体育学校,A709
607,天津市计算机信息管理专修学院,A700
608,爱心幼儿园,A701
609,华英星晨幼儿园,A701
610,南开现代管理培训学校,A709
611,天津市第一轻工业学校增光道校区,A708
612,天津市第二南开中学南门,A703
613,苍园小学,A702
614,天津城市建设管理职业技术学院南门,A700
615,天津市河西区湘江道小学,A702
616,天津市北门东中学南校区,A703
617,南开区第二十四幼儿园,A701
618,前园小学,A702
619,天津师范附小幼儿园,A701
620,河西区第二十二幼儿园分园,A701
621,斯波泰克高级技校,A708
622,洋洋教育,A709
623,宁发实验幼儿园,A701
624,温馨幼儿园,A701
625,连云路小学寄宿部,A702
626,天津市东丽区丽泽小学,A702
627,英孚教育,A709
628,津工驾校,A706
629,中央财经大学继续教育学院天津函授站,A709
630,南开十八幼,A701
631,世纪星幼儿园,A701
632,天津师范大学第三附属小学,A702
633,河西区业余体育学校,A709
634,中国人民大学继续教育学院天津分院,A700
635,小蝌蚪幼儿园,A701
636,天津三十二中,A703
637,南开实验学校安华里幼儿部,A701
638,五彩路幼儿园,A701
639,居华里幼儿园云华园,A701
640,天津・大港特殊教育学校,A709
641,西康路小学分校,A702
642,天津市东丽区行政学校,A709
643,天津市大港区第三幼儿园,A701
644,河西区科普培训学校,A709
645,金摇篮幼儿园,A701
646,天津电大开放教育学院滨海分院,A700
647,上海道小学四号路校区,A702
648,天津石油化工公司委员会党校,A709
649,阳光文化艺术培训学校,A709
650,师大二附小分校,A702
651,大港区第四幼儿园,A701
652,塘沽区农业机械化学校,A709
653,华夏奇才幼儿园,A701
654,徐州道小学,A702
655,天津农学院成人教育学院,A709
656,天津杰普逊国际飞行学院,A709
657,英超艺术幼儿园,A701
658,天津市大港区胜利教育中心,A709
659,西青区南河镇中心幼儿园,A701
660,世纪星双语幼儿园,A701
661,津报职业培训学校,A709
662,大港区海滨第五学校,A702
663,东方之星,A701
664,天津市大港区第五中学,A703
665,天津台商希望小学,A702
666,金宝贝幼儿园,A701
667,塘沽区新港第二小学,A702
668,津南二幼,A701
669,天津市华苑职业学校,A708
670,天津市农业广播电视学校宁河县分校,A709
671,北苑幼儿园,A701
672,渤化集团职工中专学校,A708
673,天津海运职业学院,A700
674,蓝翔职业技能培训学校,A708
675,滨海智星实验幼儿园,A701
676,小站新心幼儿园,A701
677,天津轻工职业技术学院,A700
678,五美城中心小学,A702
679,塘沽区教育局党校,A700
680,大港油田集团公司老年大学,A709
681,天津市汉沽区第三幼儿园,A701
682,新东方学校塘沽教学区,A709
683,天津市新闻出版技术学校,A708
684,大港油田实验中学北门,A703
685,团结幼儿园,A701
686,汉沽区农业机械技术学校,A708
687,汉沽区劳动职业技术学校,A708
688,小站第三小学,A702
689,塘沽六幼惠安里园区,A701
690,塘沽老年大学,A709
691,塘沽社区学院,A709
692,开心幼儿园,A701
693,领航双语幼儿园,A701
694,西青区农业机械化技校,A709
695,天津市塘沽区工农村中学,A703
696,天津塘沽第一职业中专,A708
697,塘沽区委老干部党校,A700
698,塘沽一幼福州道园区,A701
699,天津滨海职业学院南门,A700
700,浙江路小学福州道校区,A702
701,莱茵阳光双语幼儿园,A701
702,运输幼儿园,A701
703,东方金子塔儿童潜能培训学校,A709
704,欢坨小学,A702
705,天津市河北区五幼,A701
706,河东十六幼儿园,A701
707,天津市旅游外事职业学校,A708
708,天津市环湖中学,A703
709,天津市河东外国语学校,A703
710,龙文环球教育,A709
711,河西区第十八幼儿园,A701
712,南开区中心小学,A702
713,南开区第一幼儿园分院,A701
714,培杰中学,A703
715,南开中学网校,A709
716,天津市实验华冠学校,A703
717,天津市委商务工委党校,A700
718,东方小学南开区南院,A702
719,和平区新华南路小学,A702
720,汇通外国语雅思培训中心,A709
721,南市社区学校,A703
722,爱华外国语学校,A709
723,天津市外经贸专修学院,A700
724,小天鹅艺术幼儿园,A701
725,天津纺织工业学校红桥校区,A708
726,天津市誉华专业技术学校,A708
727,靖江路小学,A702
728,天津音乐学院北校区南门,A700
729,天津大学管理学院西院,A700
730,南开区风湖里小学,A702
731,河西八幼婴童美语幼稚园,A701
732,海河中学,A703
733,天津市红桥区求真小学,A702
734,大桥道幼儿园,A701
735,阳光未来幼稚园,A701
736,天津电大河西分校,A700
737,河西区委老干部大学,A700
738,万辛庄小学,A702
739,西北角回民幼儿园,A701
740,怡和双语艺术幼儿园,A701
741,郭庄子幼儿园,A701
742,河北区第十五幼儿园,A701
743,天津市河北区生产道小学,A702
744,大张庄镇中心幼儿园,A701
745,红桥区委党校,A700
746,大港油田第一中学,A703
747,红桥区教育中心,A709
748,天津市第八十中学,A703
749,斯波泰克技师学院,A708
750,远景二小学,A702
751,河东二十一幼健健园,A701
752,新悦幼稚园,A701
753,天津河北第一驾校,A706
754,桃口幼儿园,A701
755,天津市第三中学体育艺术中心,A703
756,太平村二中,A703
757,天津中医药大学南院,A700
758,天津市南开区育智学校,A709
759,天津市第六十一中学,A703
760,潘庄小学,A702
761,南开区第一幼儿园学府分院,A701
762,南开安全技术培训学校东区,A709
763,蓟县桑梓镇马坊中心小学,A702
764,马坊中心幼儿园,A701
765,天津对外经济贸易职业学院,A700
766,第四十五中学西校区,A703
767,天津市明华学校,A702
768,天津市河西区第七幼儿园,A701
769,振华里中心小学,A702
770,天津河西二十四幼,A701
771,天津大学幼儿园,A701
772,耀华小学,A702
773,河西二十七幼,A701
774,红桥区艺术培训中心,A709
775,南江里小学分校,A702
776,天津市社会科学进修学院,A700
777,天津市第一商业学校北门,A708
778,河西区第十六幼儿园,A701
779,塘沽区向阳幼儿园,A701
780,塘沽区老年大学,A709
781,天津市纺织工业学校,A708
782,三十七幼儿园,A701
783,天津市缘诚小学,A702
784,和平区第十九幼儿园,A701
785,南开翔宇学校,A702
786,天津市实验中学,A703
787,天津广播电视中专学校,A708
788,天津市政工程局委员会党校,A700
789,天津市远景中学,A703
790,徐庄子中学,A703
791,增兴窑中心小学,A702
792,河北十二幼,A701
793,天津工业大学西青校区,A700
794,天津职业技术师大西区东门,A700
795,天津蓝巢电力检修公司培训基地,A709
796,天津市第九十八中学,A703
797,天津市河西区行政学校,A709
798,栖凤小学,A702
799,天津小学,A702
800,天津城市职业学院河东分院,A700
801,天津市河东社区学院,A709
802,天津市河东区职工大学,A700
803,天津市东丽区工业区小学,A702
804,天津四十八中学,A703
805,东湖小学,A702
806,群星小学,A702
807,天津市房管局装饰学校,A709
808,天津市纺织集团党校,A709
809,第十九幼儿园,A701
810,新会道小学,A702
811,河北区大江路小学,A702
812,东丽之光艺术幼儿园,A701
813,天津聋人学校,A709
814,天津城市建设管理职业技术学院,A700
815,天津市统计职专,A708
816,天津翻译学院,A709
817,华夏之星幼儿园东丽双语园,A701
818,光明小学,A702
819,明星幼儿园,A701
820,天津市汉沽区杨家泊小学,A702
821,蒙特利幼儿教育中心双语幼儿园,A701
822,仁合小学,A702
823,静海县中旺中学,A703
824,渤海职业技术学院友谊路校区,A700
825,渤海化工集团公司教育培训中心,A709
826,河东区教育局委员会党校,A700
827,北程林中心小学,A702
828,何庄子联合小学,A702
829,天津市河北区实验小学,A702
830,天津四十一中学分校,A703
831,逸阳小学分校区,A702
832,船沽中心小学,A702
833,天津铁道职业技术学院,A700
834,史各庄初级中学,A703
835,金龙幼儿园,A701
836,引河里小学,A702
837,四百户中心小学,A702
838,蓟县桑梓镇刘家顶中学,A703
839,天穆小学,A702
840,东丽区第一幼儿园,A701
841,香山道小学分校,A702
842,华辰学校,A703
843,河东二十一幼壮壮园,A701
844,天津新闻出版职业培训学校,A709
845,天津市美术学校,A708
846,河北十三幼,A701
847,芦台镇第三小学,A702
848,河东区嵩山道小学,A702
849,天津市汉沽区高庄中学,A703
850,汉沽区高庄小学,A702
851,西芦庄初级中学,A703
852,河西区第六幼儿园,A701
853,天津电大财贸分校,A700
854,天津立达职专,A708
855,三八幼儿园,A701
856,胡连庄中学,A703
857,天津电力幼儿园,A701
858,大港区小王庄联校,A702
859,天津市河东区启智学校,A709
860,金摇篮亲子园,A701
861,南开区委党校,A700
862,河东区职工大学分校,A700
863,天津市中山志成职专,A708
864,河北区育婴里小学,A702
865,天津渤海职专,A708
866,中心幼儿园,A701
867,滨湖小学,A702
868,牛道口镇塘头小学,A702
869,归宁屯中心小学,A702
870,蓟县桑梓镇桑梓初级中学,A703
871,桑梓中心小学,A702
872,杜吉素小学,A702
873,刘吉素小学,A702
874,天津市北门东中学南区,A703
875,魏良庄完全小学,A702
876,天津商业大学南院,A700
877,天津市河西区职工大学,A700
878,河东区二号桥小学,A702
879,河东区第二十四幼儿园,A701
880,河西区第二十九幼儿园,A701
881,天津工业大学和平校区,A700
882,沟头学校,A702
883,天津现代艺术职专,A708
884,东丽区实验小学,A702
885,岳阳道小学北院,A702
886,天津市北辰区王庄小学,A702
887,吴咀村小学校,A702
888,河北区实验小学狮子林校区,A702
889,河西区第二十八幼儿园,A701
890,天津海运职业学院,A700
891,大港油田实验中学,A703
892,天津瑞金国际学校,A703
893,红桥区第十九幼儿园,A701
894,窦庄子中学,A703
895,天津市教委党组党校,A700
896,天津劳动保障技师学院,A700
897,天津市沙井子学校,A703
898,宁河县卫生干部进修学校,A709
899,路华中学分校,A703
900,蓟县康各庄中学,A703
901,尤古庄镇小学,A702
902,蓟县尤古庄镇中心幼儿园,A701
903,蓟县西塔庄初级中学,A703
904,黄沙务小学,A702
905,天津市河东区东新幼儿园,A701
906,河东二十三幼,A701
907,连云路小学,A702
908,天津二中培训部,A709
909,大许庄中心小学,A702
910,崇化中学,A703
911,宁河县芦台第四中学,A703
912,新立村中心小学,A702
913,滨海琴行艺术培训学校开发区分校,A709
914,汉沽区委党校,A700
915,天津职业技术师大附属高级技校,A708
916,天津市东丽中学,A703
917,南开十九幼,A701
918,河北区劳动技术教育中心,A709
919,月牙河小学,A702
920,天津服装职工中专,A708
921,南开大学附属中学,A703
922,南开艺术小学,A702
923,天津市华江里小学,A702
924,天津市方舟实验中学北院,A703
925,红桥区职工大学,A700
926,王口镇第三中心小学,A702
927,岳会中心小学,A702
928,未来全能艺术幼儿园,A701
929,宝丽金第二希望小学,A702
930,洛里坨双荣希望小学,A702
931,顺小王学校,A702
932,台头镇大六分小学,A702
933,静海镇上三里中心小学,A702
934,静海县梁头乡东河头小学,A702
935,满意庄中心小学,A702
936,静海县独流镇第二小学,A702
937,团泊镇联育中心幼儿园,A701
938,良王庄府君庙幼儿园,A701
939,宝宝乐幼儿园,A701
940,静海县第二幼儿园,A701
941,胡辛庄小学,A702
942,赵本双荣希望小学,A702
943,口哨幼儿园,A701
944,爱心摇篮幼稚园,A701
945,岳家庄中心幼儿园,A701
946,宝坻六中,A703
947,童欣幼儿园,A701
948,董庄学校,A702
949,张家庄中心小学,A702
950,桃花园小学,A702
951,金多星,A701
952,牛家牌乡华尖幼儿园,A701
953,新苗双语幼儿园,A701
954,蓝家庄小学,A702
955,李老小学,A702
956,天津开发区第一中学,A703
957,天津开发区第一小学,A702
958,宠家庄中心小学,A702
959,南涧沽乡薄台中心小学,A702
960,海洋艺术学校静海分校,A709
961,双楼中心小学,A702
962,静海县教师进修学校,A709
963,静海县就业训练中心,A709
964,杜台小学,A702
965,东魏甸中心小学,A702
966,梅厂镇聂庄子中心幼儿园,A701
967,杨成庄乡西寨学校,A702
968,唐官屯镇小郝庄学校,A702
969,武清县徐官屯乡第一小学,A702
970,杨村第二中学,A703
971,杨成庄乡双窑中心小学,A702
972,大北涧沽镇中心幼儿园,A701
973,徐庄子中心小学,A702
974,宝坻第一职业中专,A708
975,大港第二小学,A702
976,紫云中学,A703
977,天津第一百零二中学,A703
978,东安生资驾校,A706
979,小海螺艺术幼儿园,A701
980,河北十幼低幼部,A701
981,居华里幼儿园分园,A701
982,企鹅家族英语,A709
983,爱华保育院,A701
984,蓟县农机学校,A709
985,盖伦英语,A709
986,天津铁路工程学校,A708
987,口东镇东庄中心幼儿园,A701
988,南开五幼小班部,A701
989,南开区永基小学,A702
990,蓝天幼儿园河西分园,A701
991,刘安庄小学,A702
992,天津市二十中附属小学,A702
993,北田中心幼儿园,A701
994,武清区第三幼儿园,A701
995,天津市武清区杨村第五中学,A703
996,双港小学,A702
997,天津职业大学,A700
998,新安镇工部中心小学,A702
999,天津市第二商业学校,A708
1000,金太阳幼儿园,A701
1001,豆张庄初级中学,A703
1002,花园新村幼儿园西关分园,A701
1003,东丽区二村中心小学,A702
1004,津南区第八幼儿园,A701
1005,爱丁堡双语幼儿园,A701
1006,西青二职专,A708
1007,天津市仁和中学,A703
1008,东丽区职业教育中心学校,A709
1009,求知培训学校,A709
1010,河西四幼,A701
1011,郭家深村小学,A702
1012,大侯庄小学,A702
1013,皇姑庄中心小学,A702
1014,第二十三幼儿园,A701
1015,天津市实验小学,A702
1016,天津市团校,A709
1017,造甲城小学,A702
1018,互助道小学,A702
1019,河东区实验小学,A702
1020,蔡台中心小学,A702
1021,王庆坨镇大三河小学,A702
1022,塘沽盐场小学,A702
1023,天津市第四十二中学,A703
1024,天津市河西区三水道小学,A702
1025,大港区第七中学,A703
1026,蓟县职业教育中心,A708
1027,天津市宝坻区体育中学,A703
1028,流芳中心小学,A702
1029,青凝侯小学,A702
1030,天津师范大学附属中学,A703
1031,天津市青年职业培训学校,A709
1032,蓟县四中,A703
1033,河北九幼,A701
1034,四通驾驶员培训中心,A706
1035,红桥区儿童保育院,A701
1036,天津市经济技术学校,A708
1037,天津电大东丽分校,A700
1038,天津市百华实验中学,A703
1039,天津市军粮城中学,A703
1040,金苹果幼儿园,A701
1041,丽苑小学,A702
1042,蓟县实验中学,A703
1043,塘沽区中心庄小学,A702
1044,天津市蓟州中学,A703
1045,天津金融培训学院,A709
1046,天津市塘沽区新城中学,A703
1047,东安生资驾校,A706
1048,花蕾连锁幼儿园林亭口幼儿园ＮＯ．１加盟园,A701
1049,天津市河西外国语学校,A709
1050,天津市第一一二中学,A703
1051,新星小学,A702
1052,南开大学物理学院经研所高自考部,A709
1053,林亭口镇中心小学,A702
1054,天津市第八十九中学,A703
1055,红桥区第二十二幼儿园,A701
1056,育婴中心幼儿园,A701
1057,天津市六一保育院,A701
1058,中四幼儿园,A701
1059,大良镇初级中学,A703
1060,天津市光华实验学校,A703
1061,经报进修学院,A709
1062,杨村三小幼儿园,A701
1063,王卜庄镇王木元中心小学,A702
1064,新开口中心幼儿园,A701
1065,扶轮中学,A703
1066,小伙伴幼儿园,A701
1067,天津铁路一中,A703
1068,东丽区委党校,A700
1069,南开区第三十二幼儿园,A701
1070,朱家铺中心园,A701
1071,马郭庄中心小学,A702
1072,雏鹰双语艺术幼儿园,A701
1073,蓟县第二中学,A703
1074,燕山中学,A703
1075,天津电大直属河北校区,A700
1076,大易培训学校,A709
1077,红星幼儿园,A701
1078,大白庄镇大刘坡中心小学,A702
1079,稍子营小学,A702
1080,天津市女职工培训中心,A709
1081,多元宝贝早教,A709
1082,北中心校,A702
1083,侯姨幼儿园,A701
1084,蓟县农广校计算机培训中心,A709
1085,高村乡初级中学,A703
1086,大孟庄镇初级中学,A703
1087,天津工程技师学院电子信息分院,A709
1088,天津市新兴技校和平校区,A708
1089,徐庄小学,A702
1090,杨村一小幼儿园,A701
1091,环宇艺术幼儿园,A701
1092,彤昕幼儿园,A701
1093,奥星小哈佛幼儿园,A701
1094,彩虹源亲子乐园,A701
1095,华英培训学校,A709
1096,礼明庄乡徐各庄中心小学,A702
1097,天津中医药大学南院西门,A700
1098,山木培训,A709
1099,天津市津华培训学校,A709
1100,汉周希望小学,A702
1101,天津市河东区老年大学,A709
1102,水利部天津水利职工培训中心,A709
1103,双港实验小学,A702
1104,阳光幼儿园,A701
1105,天津城市建设学院教育培训中心,A709
1106,和平区第二幼儿园,A701
1107,盖伦英语,A709
1108,蓟县城关第三小学附属幼儿园,A701
1109,天津公安警官职业学院（南开校区）,A700
1110,北辰电大,A700
1111,昆明路小学分校,A702
1112,龙文环球教育河东校区,A709
1113,北辰实验中学,A703
1114,天津市南开区华宁道小学,A702
1115,天津城市环境管理专修学院,A700
1116,天津驾校,A706
1117,天津市育红中学,A703
1118,龙文环球教育,A709
1119,天津市广育学校,A708
1120,天津市二轻集团（控股）公司委员会党校,A709
1121,Ｆ・Ｂ未来宝贝早教中心,A701
1122,禾雨幼儿园,A701
1123,天津城建学院东院,A700
1124,红桥区少年宫艺术培训分校,A709
1125,河西区中心小学东湖分校,A702
1126,天津市河北区委党校,A700
1127,天津中医药大学老年健康学校,A709
1128,实验幼儿园,A701
1129,丰泽中学北区,A703
1130,乐恩教育,A709
1131,天津美术学院现代艺术学院,A700
1132,天津市卫生局委员会党校,A700
1133,北辰区会计培训中心,A709
1134,万全道小学分校,A702
1135,华夏未来双语幼儿园,A701
1136,天津市耀华中学国际部,A703
1137,天津市建筑工程学校蓟州分校,A708
1138,天池艺体幼儿园,A701
1139,黄崖关小学,A702
1140,七里海镇任凤小学,A702
1141,蓟县马伸桥中学,A703
1142,孙各庄满族乡民族中学,A703
1143,张毕庄中心小学,A702
1144,石碑学前园,A701
1145,草场中心小学,A702
1146,蓟县罗庄子中学,A703
1147,天津滨海就业培训基地,A709
1148,小浸河中心小学,A702
1149,侯家营初级中学,A703
1150,宁河县农机化技术学校,A709
1151,姚白庄小学,A702
1152,津英学校,A708
1153,蓟县城关小学,A702
1154,宁河县丰台中学,A703
1155,龚庄中心小学,A702
1156,东太河中心小学,A702
1157,孟家楼中心小学,A702
1158,罗庄子中心小学,A702
1159,石碑中心小学,A702
1160,官庄中心小学,A702
1161,康庄中学,A703
1162,北厂中心小学,A702
1163,宁河县第一职业学校,A709
1164,宁河县宁河镇中学,A703
1165,牛道口一中,A703
1166,南付屯中心小学,A702
1167,宝坻县林亭口镇初级中学,A703
1168,林亭口高级中学,A703
1169,天津律师希望小学,A702
1170,天津春发希望小学,A702
1171,龙泉中心小学,A702
1172,蓟州交通驾校,A706
1173,青官小学,A702
1174,四分场小学,A702
1175,静海县少年宫艺术幼儿园,A701
1176,蓟县侯家营镇中心幼儿园,A701
1177,宁河镇中学,A703
1178,马聪小学,A702
1179,潘庄镇西塘坨小学,A702
1180,朱头淀小学,A702
1181,宁河县东棘坨镇赵本中学,A703
1182,下里庄初级中学,A703
1183,马家店中心小学,A702
1184,邦均镇第六小学,A702
1185,天狮博爱小学,A702
1186,l口中学,A703
1187,出头岭镇初级中学,A703
1188,唐山市海北镇马聪中学,A703
1189,大唐庄小学,A702
1190,金摇篮幼儿园,A701
1191,乐善庄小学,A702
1192,华严寺中学,A703
1193,三百户中心小学,A702
1194,出头岭乡醒目希望小学,A702
1195,景兴春蕾中学,A703
1196,蓟县穿芳峪中学,A703
1197,蓟县马伸桥镇宋家营初中,A703
1198,杨家楼初中,A703
1199,高台中心小学,A702
1200,中登初级中学,A703
1201,实验小学,A702
1202,芦台开发区职教中心,A709
1203,王前学校,A702
1204,大薄后小学,A702
1205,邦均一中,A703
1206,袁罗高级小学,A702
1207,大上中心小学,A702
1208,蓟县别山小学,A702
1209,蓟县邦均镇第二初级中学,A703
1210,下营镇初级中学,A703
1211,前牛宫中心小学,A702
1212,蓟县第六小学,A702
1213,东方红中心小学,A702
1214,许家台中心小学,A702
1215,丰台天保希望小学,A702
1216,后棘坨中心小学,A702
1217,宁河任凤高中,A703
1218,仓上屯中心小学,A702
1219,东马坊村幼儿园,A701
1220,天津市航运学校,A708
1221,小淀镇第二中心幼儿园,A701
1222,天津市第五十五中学,A703
1223,静海县独流镇中学,A703
1224,静海县第四中学,A703
1225,黄庄小学,A702
1226,下仓中心小学,A702
1227,新安镇成人文化技术学校,A709
1228,新安镇佟家庄中心小学,A702
1229,杨津庄镇六道街小学,A702
1230,天平庄中心小学,A702
1231,杨家口中学,A703
1232,下营小学,A702
1233,造甲城中学,A703
1234,蓟县别山职专,A708
1235,大郝庄中学,A703
1236,崔家庄小学,A702
1237,高家庄中心小学,A702
1238,蓟县城关第三小学,A702
1239,东赵中心小学,A702
1240,江洼口小学,A702
1241,青池中心小学,A702
1242,蓟县一幼,A701
1243,静海县建华学校,A702
1244,宫家屯小学,A702
1245,东塘坨小学,A702
1246,史庄中心小学,A702
1247,蓟县城关第二中学,A703
1248,金色黎明幼儿园,A701
1249,花蕾连锁幼儿园北京万花筒实验园,A701
1250,大白庄中心小学,A702
1251,邢木学校,A702
1252,乾隆湖幼儿园,A701
1253,天津大学仁爱学院北门,A700
1254,翠屏中心幼儿园,A701
1255,方家庄中学,A703
1256,大角甸中心小学,A702
1257,王卜庄镇初级中学,A703
1258,王卜庄镇第一中心小学,A702
1259,中旺小学,A702
1260,静海县子牙中学,A703
1261,潘庄中学,A703
1262,岳家园小学,A702
1263,大贾小学,A702
1264,岳龙镇于潮小学,A702
1265,子牙第四小学,A702
1266,大黄堡小学,A702
1267,顺驰小学,A702
1268,高庄户中心小学,A702
1269,胡宽小学,A702
1270,欢喜小学,A702
1271,新开口镇后六口中心小学,A702
1272,大口屯镇第三中心小学,A702
1273,西龙虎峪中心小学,A702
1274,南河完全小学,A702
1275,孙各庄满族乡第一民族小学,A702
1276,方家庄镇幼儿园,A701
1277,大邱庄镇成人文化技校,A709
1278,万全幼儿园,A701
1279,万全小学,A702
1280,尚码头中心幼儿园,A701
1281,三禅房中心幼儿园,A701
1282,杨成庄砖垛小学,A702
1283,黄岔小学,A702
1284,宝坻区教师进修学校,A709
1285,宝坻区幼儿园,A701
1286,蓟县九百户中学,A703
1287,唐头庄中心小学,A702
1288,邦均镇第二小学,A702
1289,大邱庄镇育英幼儿园,A701
1290,赵官屯中心学校,A702
1291,津美小学,A702
1292,白塔子中心小学,A702
1293,静海县第六中学,A703
1294,静海县双塘镇杨家园学校,A702
1295,东施古完全小学,A702
1296,静海县委党校,A700
1297,静海驾校,A706
1298,静海县子牙镇东子牙小学,A702
1299,蓟县城关镇贾庄中心小学,A702
1300,天津蓟县商业学校,A708
1301,蓟县东施古镇中心学校,A702
1302,完美希望小学,A702
1303,东赵乡初级中学,A703
1304,岳龙镇中学,A703
1305,三岔口中学,A703
1306,中会中心小学,A702
1307,大北中学,A703
1308,大屯学校,A702
1309,大邱庄镇中学,A703
1310,邦均镇第三小学,A702
1311,海北中心小学,A702
1312,杨各庄中心小学,A702
1313,赵家洼村小学,A702
1314,王官屯学校,A703
1315,育英小学,A702
1316,大钟庄中心小学,A702
1317,蒙中心小学,A702
1318,大杨希望学校,A702
1319,三禅房中心小学,A702
1320,翠南庄小学,A702
1321,孟官屯小学,A702
1322,大吴中心小学,A702
1323,红苹果幼儿园,A701
1324,唐官屯镇小学,A702
1325,侯家营中心小学,A702
1326,蓟县小港乡初级中学,A703
1327,罗塘中心小学,A702
1328,宝坻区第二幼儿园,A701
1329,北王庄中心小学,A702
1330,天津市工业学校宁河分校,A708
1331,小月河中心校,A702
1332,蓟县逯庄子中学,A703
1333,北淮淀中学,A703
1334,海滨小学,A702
1335,官庄镇中心幼儿园,A701
1336,尚码头学校,A703
1337,貉子沽小学,A702
1338,南营中心小学,A702
1339,华纳希望小学,A702
1340,敦庄子中心小学,A702
1341,罗庄子镇桑园小学,A702
1342,唐官屯镇亚庄子中心小学,A702
1343,静海县中旺镇中学,A703
1344,静海县王官庄学校,A702
1345,东翟庄幼儿园,A701
1346,郝各庄小学,A702
1347,南王中心小学,A702
1348,南闵庄完全小学,A702
1349,蓟县上仓镇初级中学,A703
1350,大张屯中学,A703
1351,长张屯学校,A702
1352,大庄子村幼儿园,A701
1353,西吕庄中心小学,A702
1354,蓟县桑梓镇刘家顶幼儿园,A701
1355,育新中心小学,A702
1356,半壁店小学,A702
1357,南淮淀小学,A702
1358,静海县台头镇三堡学校,A702
1359,新安镇王善庄中心小学,A702
1360,少林口中心小学,A702
1361,静海劳动职业技术学校,A708
1362,刘举人庄中心小学,A702
1363,大钟庄高级中学,A703
1364,大新庄中心小学,A702
1365,林亭口高级小学,A702
1366,王虎庄小学,A702
1367,宝坻区南燕窝中心小学,A702
1368,吴家堡中心小学,A702
1369,南新幼儿园,A701
1370,蓟县东施古乡中学,A703
1371,沿庄中心小学,A702
1372,刘祥庄中心小学,A702
1373,南高中心校,A702
1374,蓟县上仓中学,A703
1375,杨津庄幼儿园,A701
1376,渔津庄中心小学,A702
1377,西施古中心小学,A702
1378,华尖中心小学,A702
1379,沿庄乡成人学校,A709
1380,陈官屯镇中学,A703
1381,陈官屯中学,A703
1382,贺新村中心小学,A702
1383,唐官屯中学,A703
1384,八里庄中心小学,A702
1385,小集中心小学,A702
1386,北京科技大学天津学院,A700
1387,树培幼儿园,A701
1388,田树培学校,A702
1389,天津市农业广播电视学校宝坻区分校,A708
1390,育英才双语幼儿园,A701
1391,青甸中心小学,A702
1392,尹家铺中心小学,A702
1393,天津市宝坻区博爱学校,A702
1394,天津市公证希望小学,A702
1395,蓟县上仓镇仓前庄小学,A702
1396,同兴小学,A702
1397,梁头中学,A703
1398,天津医科大学宝坻卫校学区,A700
1399,前ブ行难校,A702
1400,鑫鑫双语实验幼儿园,A701
1401,增兴窑中心小学南大桥分校,A702
1402,天津电大旅游分校,A700
1403,华夏未来第一幼儿园,A701
1404,天津市汉沽区大神堂小学,A702
1405,工农村小学,A702
1406,天津金子塔儿童潜能培训学校,A709
1407,大港第一小学,A702
1408,天津市滨海人才培训学院,A709
1409,天津科技进修学院塘沽分院,A709
1410,天津市交通高级技工学校,A708
1411,兰雅幼儿园,A701
1412,创才二幼,A701
1413,天津市塘沽区博才小学,A702
1414,滨海外事学院,A700
1415,渤海石油第一中学,A703
1416,王稳庄中心小学,A702
1417,天津市汉沽区洒金坨小学,A702
1418,津沽技校,A708
1419,思明教育,A709
1420,宁河县幼儿园,A701
1421,国家检察官学院天津分院,A700
1422,大港区职业成人教育中心大港职专,A708
1423,新村街幼儿园,A701
1424,南开区卫生局爱华保育院绮华里分院,A701
1425,天津市团校滨海校区,A709
1426,爱心幼儿园,A701
1427,集贤里街成人文化技术学校,A709
1428,奥星小哈佛幼儿园,A701
1429,西青区小孙庄中心小学,A702
1430,天津法官学院,A700
1431,大芦北口中心小学,A702
1432,天津渤海化工职工学院,A709
1433,民航大学幼儿园,A701
1434,利顺驾驶员和平培训学校,A706
1435,天津市劳动和社会保障局第二职业技校,A708
1436,华夏未来米兰阳光幼儿园,A701
1437,天津日本人学校,A703
1438,宝宝秀双语幼儿园二园,A701
1439,馨桥园小学,A702
1440,大港区中塘镇党校,A700
1441,华艺艺术幼儿园津南分园,A701
1442,泥沃小学,A702
1443,西孟小学,A702
1444,天津市东丽区南何庄小学,A702
1445,天津市汉沽区桥沽小学,A702
1446,汉沽第一幼儿园,A701
1447,渤海油田第三幼儿园,A701
1448,滨海职业技能培训学校,A709
1449,天津市汉沽区第五中学,A703
1450,天津市汉沽区田家炳中学,A703
1451,天津科学技术进修学院津南分院,A709
1452,茶淀小学,A702
1453,蓝天幼儿园,A701
1454,天津市津南区教育局党校,A700
1455,东小学,A702
1456,河西第一小学,A702
1457,滨海实验学校,A702
1458,塘沽保育院,A701
1459,天津开发区职业技术学院东门,A700
1460,石家庄铁道学院成教分院天津院区,A708
1461,汉沽区桃园中学,A703
1462,天津市汉沽区桃园小学,A702
1463,春蕾幼儿园,A701
1464,和平区老干部大学,A700
1465,南开区教育中心,A709
1466,天津美院美术高中,A703
1467,和平区老年大学,A709
1468,和平区教师进修学校,A709
1469,和平区保育院,A701
1470,天津双菱中学,A703
1471,天津中德职业技术学院西校区,A708
1472,天骄中学南校区,A703
1473,万盛高级中学,A703
1474,天津市育才中学,A703
1475,天津电子信息职业技术学院西门,A700
1476,东方爱婴早期教育中心,A709
1477,河西３３幼,A701
1478,天津音乐小学,A702
1479,天津市卫生局幼儿园总园,A701
1480,河东区第四幼儿园荣泰园,A701
1481,河东七幼分园,A701
1482,天津市经理学院,A708
1483,阳光双语幼儿园,A701
1484,河北十八幼,A701
1485,天津电大河北分校,A700
1486,兰园保育院,A701
1487,天津市电视中学,A703
1488,和平五幼,A701
1489,天津市三毛艺术学校,A702
1490,中国农业银行党校,A709
1491,南开三十一幼,A701
1492,天津开发区职业技术学院联大院区,A709
1493,河东二幼滨河园,A701
1494,河东区教师进修学校,A709
1495,河东区第二十幼儿园,A701
1496,天津市第二十八中学,A703
1497,天津大学附属小学,A702
1498,天津市美术中等职业学校,A708
1499,天津市和平区岳阳道小学,A702
1500,河西区水晶小学,A702
1501,海洋艺术学校,A709
1502,第四幼儿园,A701
1503,四号路小学,A702
1504,河西区东楼小学,A702
1505,中国传媒大学远程与继续教育学院天津分院,A700
1506,大薄前小学,A702
1507,大尹小学,A702
1508,天水寄宿小学,A702
1509,天津建筑技术职业培训学校,A709
1510,津南区文化馆老年艺术学校,A709
1511,天津市工程技师学院,A700
1512,河西区少年网球学校,A709
1513,三道沟小学,A702
1514,英富达驾校,A706
1515,南开大学幼儿园,A701
1516,和平区职工中等专业学校,A708
1517,塘沽区花儿朵朵幼儿园,A701
1518,天津市南开区鸿源里小学,A702
1519,河东区第二中心小学,A702
1520,河东十幼,A701
1521,新开小学,A702
1522,天津市河西区新世纪小学,A702
1523,天津港务局委员会党校,A700
1524,蓝天幼儿园,A701
1525,天津市求真小学,A702
1526,天津职业技术师大附属技师学院,A708
1527,怡和中学,A703
1528,天津美术老年大学,A709
1529,七彩虹幼儿园,A701
1530,天津市营运驾驶员培训基地,A706
1531,奥傲幼儿园,A701
1532,天津市北辰区芦新河小学,A702
1533,天津农学院职业技术学院,A700
1534,天津市城乡经济学校,A708
1535,红光驾驶员职业培训学校,A706
1536,天穆镇成人教育中心,A709
1537,星苑双语艺术幼儿园,A701
1538,华夏之光双语幼儿园,A701
1539,华尔街英语,A709
1540,西青区第一幼儿园,A701
1541,天津城市建设管理职业技术学院华苑校区,A708
1542,扬帆双语艺术教育中心,A701
1543,阳光宝贝保育院,A701
1544,天津国际学校幼儿中心,A701
1545,天津新知电子信息专修学院,A709
1546,杨柳青第一小学,A702
1547,华苑实验幼儿园,A701
1548,鑫泰幼儿园,A701
1549,宗奕幼儿园,A701
1550,天津市美术培训学校,A709
1551,甄营中心小学,A702
1552,天津市北洋社区学院西于庄街分院,A709
1553,快乐幼儿园,A701
1554,小星星幼儿园,A701
1555,天津市津沽驾校,A706
1556,花园里小学,A702
1557,快乐城堡双语幼儿园,A701
1558,阳光宝贝双语艺术幼儿园,A701
1559,河北区扶轮幼儿园,A701
1560,华英学校,A709
1561,白古屯乡和平庄中心小学,A702
1562,天津市新闻出版技术学校,A708
1563,天津市新闻出版中等职业学校,A708
1564,天津市五十五中南海路校区,A703
1565,美中博乐儿童学园,A701
1566,天津师范学校附属小学,A702
1567,赵温庄村浦发银行希望小学,A702
1568,天津工程职业技术学院,A700
1569,大港油田第二中学,A703
1570,普育学校,A703
1571,太平镇中心幼儿园,A701
1572,天津市大港区二号院小学,A702
1573,河北屯镇四新完全小学,A702
1574,油田驾校,A706
1575,东方爱婴早期教育中心,A709
1576,杨村军民幼儿园,A701
1577,大港区海滨第三学校,A703
1578,大港区向阳小学,A702
1579,大港区春光小学,A702
1580,武清区南蔡村镇第七小学,A702
1581,天津市机电工业学校杨柳青校区,A708
1582,牛镇幼儿园,A701
1583,大魏庄中心幼儿园,A701
1584,太平镇第一小学,A702
1585,后幼庄中心小学,A702
1586,晨雨双语幼儿园,A701
1587,瑞景幼儿园,A701
1588,宝宝秀双语幼儿园河东区二园,A701
1589,天津市观璎戏曲学校,A709
1590,高村乡第二中心小学,A702
1591,河西务镇羊坊中心小学,A702
1592,好孩子生活乐园,A701
1593,芯博幼儿园,A701
1594,天津市大港区三号院小学,A702
1595,大碱厂镇陈楼幼儿园,A701
1596,银江双语幼儿园,A701
1597,新苗幼儿园,A701
1598,杨柳青第二小学,A702
1599,天津市大港区西苑小学,A702
1600,金色之光双语幼儿园,A701
1601,祥和幼儿园,A701
1602,天津市中华职业中等专业学校,A708
1603,河东二幼平河园,A701
1604,启稚摇篮早教中心,A701
1605,东艺双语幼儿园,A701
1606,天津市南开区启智学校,A709
1607,小天使小饭桌,A701
1608,中国交通建设工程学院疏浚分院,A708
1609,天津师范大学高职学院,A700
1610,文化馆滨海琴行艺术培训基地,A709
1611,天津广播电视大学直属河北校区,A700
1612,天津静海实验中学,A703
1613,城关镇成人文化技术学校,A709
1614,博海幼儿园,A701
1615,天津市南开外国语中学,A703
1616,康达驾校分校,A706
1617,杨村第十小学,A702
1618,双街镇上蒲口幼儿园,A701
1619,瑞景街秋瑞幼儿园,A701
1620,天材教育,A709
1621,天津市华英中学,A703
1622,天津市先达实验驾校,A706
1623,汇才技术学校分校,A708
1624,天津市津滨职业培训学校,A709
1625,天津市人力资源和社会保障局第二职业技校,A708
1626,益华幼儿园,A701
1627,小淀镇第一中心幼儿园,A701
1628,高盛分院,A709
1629,东方剑桥幼儿园,A701
1630,天津市经理学院滨海分院,A709
1631,天津市城防驾校,A706
1632,大港区农机驾校,A706
1633,天津大学附属中学,A703
1634,赛恩国际幼儿园,A701
1635,华夏未来幼教集团领世郡双语幼稚园,A701
1636,新兴街社区学校,A709
1637,天津市餐旅职业培训学校,A709
1638,石化九幼,A701
1639,童乐幼儿园第一分园,A701
1640,育宝未来之星幼儿乐园,A701
1641,天津爱知经贸进修学院,A708
1642,小红帽幼儿园,A701
1643,筑梦舞蹈培训中心,A709
1644,新盛幼儿园,A701
1645,亿婴天使早教机构,A701
1646,运输公司驾校,A706
1647,苏家园学校大道口分校,A702
1648,东丽区华明学校南门,A703
1649,天津博导学校河东分校,A709
1650,龙文环球教育天津总部,A709
1651,龙文环球教育,A709
1652,大地腾飞双语幼儿园,A701
1653,官港幼儿园,A701
1654,优贝儿早教中心,A701
1655,天津市翔宇科技贸易学校,A708
1656,河西区第二十六幼儿园体南园,A701
1657,天津市第一驾驶员培训学校,A706
1658,莱茵园育才幼儿园,A701
1659,北塘幼儿园,A701
1660,紫竹幼儿园,A701
1661,天津滨海职业学院西南门,A700
1662,天津亚细亚小学,A702
1663,聪明树全脑快乐启智早教中心,A701
1664,东双塘乡董莫院学校,A702
1665,天津动漫游戏学院,A708
1666,越秀园小学,A702
1667,龙海书画院书画艺术培训中心,A709
1668,未来之星幼儿园,A701
1669,塘沽职工中专,A708
1670,泰达六幼,A701
1671,天津城市建设学院成人教育学院,A709
1672,良王庄明德小学,A702
1673,天材教育,A709
1674,渔阳镇七里峰中心小学,A702
1675,唐官屯镇夏家庄幼儿园,A701
1676,团泊中学,A703
1677,童年星梦幼儿园,A701
1678,天津电大静海分校,A700
1679,天津市河东区福东中学,A703
1680,天津市闽侯路小学,A702
1681,鑫鑫双语实验幼儿园,A701
1682,龙文环球教育,A709
1683,天津市金巍职业培训学校,A709
1684,河北区第一幼儿园意奥园,A701
1685,天津财经大学西门,A700
1686,天津电大红桥分校,A700
1687,大口屯镇中心幼儿园,A701
1688,花蕾幼儿园,A701
1689,天津市电大蓟县分校,A700
1690,金太阳幼儿园,A701
1691,天津市河西区土城小学,A702
1692,贝尔古典文化幼儿园,A701
1693,馨鑫幼儿园总园,A701
1694,明德小学,A702
1695,花蕾（集团）连锁幼儿园城北分园,A701
1696,北京红缨连锁金色青年幼儿园,A701
1697,盖伦英语学校,A709
1698,昆明路小学分校,A702
1699,南开区时代奥城幼儿园,A701
1700,馨苗幼儿园工农村园,A701
1701,辰昌路小学,A702
1702,天津师大第二附属小学南院,A702
1703,迎瑞幼儿园,A701
1704,河东三幼福东北里部,A701
1705,天津市河东区委党校,A700
1706,天津市河东区行政学校,A700
1707,宁河中等专业学校,A708
1708,天津市第八十二中学分校,A703
1709,天津市委党校函授学院塘沽学区,A700
1710,蓟县马伸桥镇淋河幼儿园,A701
1711,宝宝乐幼儿园,A701
1712,南开大学旅游与服务学院,A700
1713,北京交通大学远程教育天津教学中心,A709
1714,全国内地天津西藏学校,A703
1715,龙文环球教育,A709
1716,宝宝乐幼儿园东兴园,A701
1717,河东区大桥道小学分校,A702
1718,吉大培训学院,A709
1719,泰达青年宫现代音乐培圳基地,A709
1720,新海小学,A702
1721,北大附中为明实验幼儿园,A701
1722,南开十三幼,A701
1723,盖伦英语,A709
1724,蓟县下窝头中学,A703
1725,下窝头镇台头中心小学,A702
1726,小太阳学前早教中心亲子园,A701
1727,新大二幼,A701
1728,启蒙幼儿园,A701
1729,天津市盛世星光幼稚园,A701
1730,天津财经大学珠江学院,A700
1731,北京科技大学天津学院西门,A700
1732,天津市河西区友谊路小学,A702
1733,亿婴天使早期教育机构旗舰店,A701
1734,西安电子科技大学网络教育学院,A709
1735,河东区委老干部党校,A700
1736,龙文教育,A709
1737,启明双语幼儿园,A701
1738,板桥中学,A703
1739,朝阳里幼儿园,A701
1740,任凤乡中学,A703
1741,立信职业中专,A708
1742,城市职业学院南开分院,A700
1743,华景阳光幼儿园,A701
1744,河西区第十六幼儿园,A701
1745,芦台镇第五小学,A702
1746,金贝儿幼儿园,A701
1747,南义小学,A702
1748,建华中学,A703
1749,河东一幼金湾园,A701
1750,天津芦台大地幼儿园,A701
1751,天津旅游育才职专吉林路校区,A708
1752,天津红桥小学,A702
1753,大港区委党校,A700
1754,河东一幼实验幼儿园,A701
1755,天津市印刷装潢技术学校,A708
1756,四平东道小学,A702
1757,华夏育星园,A701
1758,宝坻县大口屯镇第二初级中学,A703
1759,红桥二十幼,A701
1760,杨村街育才幼儿园,A701
1761,天津职业技术师大西区,A700
1762,天津职业技术师大西区西门,A700
1763,天津市北辰区北仓小学,A702
1764,天津科技大学,A700
1765,柴庄中心幼儿园,A701
1766,天津市广播电视大学南开分校,A700
1767,蓟县县委党校,A700
1768,天津市南开区华夏小学,A702
1769,天津电子信息职业技术学院芥园西道院区,A700
1770,天津市自立中学,A703
1771,白古屯中学,A703
1772,陵水道小学,A702
1773,天泰小学,A702
1774,天津市北辰区霍庄子小学,A702
1775,中河幼儿园,A701
1776,静海县第二中学,A703
1777,双桥河第三小学,A702
1778,河西区三水道小学,A702
1779,河东区前程小学,A702
1780,渤海油田第一幼儿园,A701
1781,天津集贤里中学,A703
1782,河北区第一幼儿园,A701
1783,津南培智学校,A709
1784,台头中学,A703
1785,善门口小学,A702
1786,杨成庄中学,A703
1787,爱心幼儿园,A701
1788,南开小学分校,A702
1789,天津职业大学新校区,A700
1790,南开区义兴里小学,A702
1791,梅厂镇初级中学,A703
1792,天津市信息工程学校,A708
1793,天津行政学院,A700
1794,城关镇中学,A703
1795,中共天津市委党校西院,A700
1796,天津市一号路中学,A703
1797,天津市电子信息技师学院,A709
1798,王兰庄中心小学,A702
1799,集贤里幼儿园,A701
1800,河北区第二幼儿园,A701
1801,独流镇李家湾子中心小学,A702
1802,红桥区教师教育研修学院,A709
1803,日上幼儿园,A701
1804,大港区油田第四中学,A703
1805,大港区同盛小学,A702
1806,天津外国语大学南门,A700
1807,宝宝秀双语幼儿园,A701
1808,沟头村中心幼儿园,A701
1809,小南河中心小学,A702
1810,天津市大港区海滨学校,A702
1811,新华幼儿园,A701
1812,思齐职业培训学校,A709
1813,小坨三星希望小学,A702
1814,盘山道小学,A702
1815,高各庄小学,A702
1816,瀛海幼儿园,A701
1817,李咀小学,A702
1818,三星手机人才培养学校,A709
1819,天津市第五十四中学,A703
1820,育苗幼儿园,A701
1821,柳滩小学,A702
1822,长治里小学,A702
1823,天津城市职业学院中专部,A708
1824,霍元甲培训中心,A709
1825,小博士基地,A701
1826,天津广播影视传媒进修学院,A709
1827,天保张恩来希望小学,A702
1828,红桥区第十幼儿园,A701
1829,五十五中学,A703
1830,麦克米伦国际少儿英语,A709
1831,鲫鱼甸小学,A702
1832,瀛海学校,A702
1833,天津市第一轻工业学校,A708
1834,天津市委政法委党校,A700
1835,静海镇北五里中心小学,A702
1836,翠湖新村幼儿园,A701
1837,三岔口乡中学,A703
1838,塘沽五中,A703
1839,东塔庄镇初级中学,A703
1840,北郝中心小学,A702
1841,大丰堆镇中学,A703
1842,红桥三幼,A701
1843,第二中心小学,A702
1844,天津市蓟县育才学校,A702
1845,王庄子中心小学,A702
1846,鉴开中学,A703
1847,绘童幼儿园,A701
1848,后帮中心小学,A702
1849,中小学素质教育基地,A709
1850,快乐童年幼儿园,A701
1851,宝坻艺术中学,A703
1852,宝坻区大口屯镇东十小学,A702
1853,培智学校,A702
1854,清源道小学,A702
1855,天津现代职业技术学院滨江道校区,A708
1856,王家口小神童幼儿园,A701
1857,世纪星双语幼儿园,A701
1858,天津工商银行希望小学,A702
1859,刘辛庄回族小学,A702
1860,蓟县东二营乡初级中学,A703
1861,星光小学,A702
1862,宏保艺术启飞幼儿园,A701
1863,宜宾里小学,A702
1864,天津市静海县老年大学,A709
1865,天津市北方职业技术学校,A708
1866,金宝贝,A709
1867,天津韩国星国学校,A703
1868,塘沽北塘学校,A702
1869,和平区委党校,A700
1870,华夏之光双语幼儿园,A701
1871,李自沽天宝北星希望小学,A702
1872,天津市委党校,A700
1873,高庄子小学,A702
1874,亲亲宝宝幼儿园,A701
1875,平山道小学,A702
1876,小站第六小学,A702
1877,耀华学校东门,A703
1878,天津市双口中学,A703
1879,城关镇小屯中心小学,A702
1880,大港体校,A709
1881,红桥区少年宫艺术体育幼儿园,A701
1882,天津科技大学泰达校区,A700
1883,东丽民族中学,A703
1884,天津市汉沽区东海小学,A702
1885,天津静海实验小学,A702
1886,南洋小学,A702
1887,杨村第六小学,A702
1888,大碱厂镇中学,A703
1889,南江里小学,A702
1890,彤昕幼儿园,A701
1891,天津师大学前教育学院,A700
1892,天信职校,A708
1893,陈家口中心小学,A702
1894,天津市小站实验中学,A703
1895,宝坻三中,A703
1896,中国民航大学北区,A700
1897,天津市涉外工业学校,A708
1898,牛家牌乡李家牌中心小学,A702
1899,塘沽八幼分部,A701
1900,杨村街成人文化技术学校,A709
1901,天津市和平区第十六幼儿园,A701
1902,天津塘沽第二中学,A703
1903,杨村第四中学,A703
1904,北京师范大学天津附属中学,A703
1905,雍阳中等专业学校,A708
1906,进京路小学,A702
1907,石幢小学,A702
1908,天津市职业技能培训学院,A708
1909,天津医学高等专科学校,A700
1910,和平文化艺术培训学校,A709
1911,静海第一中学,A703
1912,东丽区职业教育中心学校西院,A708
1913,大港区滨海第四学校,A702
1914,天津市南开实验学校,A703
1915,天津二十中学,A703
1916,小淀小学,A702
1917,武清职业中专下伍旗校区,A708
1918,天津水运技工学校,A708
1919,崔黄口一中,A703
1920,河东区六纬路小学,A702
1921,天津韩国国际学校,A703
1922,天津外国语大学,A700
1923,南开区第二幼儿园,A701
1924,蓟县一中,A703
1925,英华学校,A703
1926,杨村第四小学,A702
1927,中北镇育才幼儿园,A701
1928,西康路小学总校,A702
1929,王稳庄中学,A703
1930,天津财经大学,A700
1931,天津八中,A703
1932,天津市蓟县中等专业学校,A708
1933,津南区党校,A700
1934,天津市大寺中学,A703
1935,三八幼儿园,A701
1936,新程小学,A702
1937,岷江里小学,A702
1938,阳光双语幼儿园,A701
1939,梅厂小学,A702
1940,晓晓钢琴艺术学校,A708
1941,天津市南开职专,A708
1942,宁河县委党校,A700
1943,河东区第二十二幼儿园,A701
1944,津南区第三幼儿园,A701
1945,宁车沽学校,A703
1946,杨村第九小学,A702
1947,河北区元纬路小学,A702
1948,华夏未来艺术小学,A702
1949,塘沽第六中学,A703
1950,育英小学,A702
1951,杨村镇上朱庄育才小学,A702
1952,西青中专南院,A708
1953,向阳第一小学,A702
1954,天津市红星涉外职专,A708
1955,天津水浒文武学校,A708
1956,天津理工大学北门,A700
1957,南开大学附属小学,A702
1958,天津市经济贸易学校职业教育集团南开校区,A709
1959,天津市求真高级中学,A703
1960,天津八十中学,A703
1961,新蕾艺术幼儿园,A701
1962,天津市第十一中学,A703
1963,天津科技大学塘沽校区,A700
1964,文怡美容学院,A709
1965,天津轻工职业技术学院,A700
1966,张辛庄小学,A702
1967,湾子村小学,A702
1968,塘沽十四中学,A703
1969,丁字沽小学,A702
1970,天津市四合庄中学,A703
1971,天津工艺美术学院,A700
1972,天津天狮学院,A700
1973,马场道小学,A702
1974,大碱厂镇第一小学,A702
1975,西站小学,A702
1976,北京科技大学天津学院东门,A700
1977,河北工业大学城市学院,A700
1978,南开大学迎水道校区,A700
1979,天津医科大学临床医学院,A700
1980,城市职业学院南开分院,A700
1981,天津理工大学,A700
1982,天津机电工艺学院,A700
1983,天津音乐学院南院,A700
1984,天津城市职业学院,A700
1985,天津市财经学校,A708
1986,天津政法管理干部学院,A700
1987,天津海运职业学院主校区,A700
1988,逸阳梅江湾国际学校,A702
1989,滨海职业学院成人教育学院,A700
1990,天津交通职业学院西门,A700
1991,河北交通学院,A700
1992,天津电大宝坻分校,A700
1993,天津工艺美术职业学院建昌道校区,A700
1994,天津电大塘沽分校,A700
1995,河北区房管局委员会党校,A700
1996,天津市津工驾校,A706
1997,天津市军粮城第二中学,A703
1998,石各庄镇第一中心小学,A702
1999,大港六中,A703
2000,武清区南蔡村镇党校,A700
2001,国家法官学院天津分院,A700
2002,周良庄镇周良庄初中,A703
2003,南陈庄村学校,A702
2004,天津市河西区同望小学,A702
2005,河西区湘江道小学,A702
2006,下伍旗镇中心幼儿园,A701
2007,津南区北洋小学,A702
2008,金世纪潜能开发婴幼园,A701
2009,刘岗P中学,A703
2010,中河小学,A702
2011,大港区老年大学,A709
2012,尔王庄乡初级中学,A703
2013,欣欣幼儿园,A701
2014,南开大学滨海学院东门,A700
2015,桂林路小学,A702
2016,丽丽艺术幼儿园,A701
2017,宝宝乐幼儿园,A701
2018,武清区王庆坨镇胜利小学,A702
2019,苗街小学,A702
2020,塘沽区新港第一小学,A702
2021,天津七十七中学,A703
2022,塘沽区大梁子小学,A702
2023,天津开发区第二中学,A703
2024,英杰双语幼儿园,A701
2025,卞官屯中心小学校,A702
2026,宜兴埠第一小学,A702
2027,天津市第五十一中学,A703
2028,河西务镇索庄中心小学,A702
2029,渤海石油第二中学,A703
2030,泰达第三幼儿园,A701
2031,大黄堡乡初级中学,A703
2032,木厂中心小学,A702
2033,当城幼儿园,A701
2034,天津市第二南开中学,A703
2035,和平培育学校,A709
2036,天津市二十五中学,A703
2037,天津市塘沽区邓善沽小学,A702
2038,陈咀中心小学,A702
2039,天津农学院西校区,A700
2040,仓上中心小学,A702
2041,北寺小学,A702
2042,杨村镇第二小学,A702
2043,天津电子信息职业技术学院,A700
2044,天津市霍庄中学,A703
2045,天津市东大站小学,A702
2046,静海成职教育中心,A709
2047,珠江道小学寄宿部,A702
2048,天津市宝坻区新开口镇初级中学,A703
2049,天津市九十三中学,A703
2050,天津一中,A703
2051,天津市第七中学,A703
2052,天津市汇森中学,A703
2053,王庆坨二街小学,A702
2054,团泊中心小学,A702
2055,和平区赤峰道小学,A702
2056,河西二幼,A701
2057,宝坻县郝各庄乡初级中学,A703
2058,双闸中心幼儿园,A701
2059,春娃娃幼儿园,A701
2060,南蔡村镇六百户中心小学,A702
2061,塘沽四幼,A701
2062,黄辉幼儿园,A701
2063,天津九十中学,A703
2064,沿庄镇中学,A703
2065,天津培英外语实验学校,A703
2066,杨村第一中学,A703
2067,二百户中心小学,A702
2068,小高口中心小学,A702
2069,河西务中学,A703
2070,大张庄镇育新寄宿幼儿园,A701
2071,大柳滩学校,A702
2072,金摇篮幼儿园,A701
2073,城关小学,A702
2074,天津市朱唐庄中学,A703
2075,万全道小学分校,A702
2076,务实小学,A702
2077,武清区双树中心小学,A702
2078,小站实验小学,A702
2079,河北工业大学新校区,A700
2080,天津市武清第四幼儿园,A701
2081,天成中学,A703
2082,中国企业联合会天津远程培训中心,A709
2083,天津市立信会计进修学校,A709
2084,天津市贝龙职业培训学校,A709
2085,天津广播影视职业学院,A700
2086,天津市美术专修学院,A700
2087,天津市幼儿艺术培训中心,A709
2088,河东区宝宝秀幼儿园,A701
2089,海天小学,A702
2090,天津中华职业进修学院,A709
2091,天津大学西门,A700
2092,新起点幼儿园,A701
2093,天才幼儿园,A701
2094,李七庄街边村幼儿园,A701
2095,蒙特利新都幼儿园,A701
2096,汇才技术学校,A708
2097,南开区跃升里小学,A702
2098,北辰区就业训练中心,A709
2099,河北工大职业培训学校,A709
2100,启蒙幼儿园六幼,A701
2101,蓝天双语幼儿园,A701
2102,向阳街和平里幼儿园,A701
2103,天津市药科中等专业学校,A708
2104,中华会计函授学校西青分校,A709
2105,启蒙幼儿园,A701
2106,河西保育院,A701
2107,王庄小学育才双语艺术幼儿园,A701
2108,广州市冶金技师学院天津分院,A708
2109,塘沽区农业广播电视学校,A709
2110,天津市南开区行政学校,A709
2111,天津市东丽区新兴村小学,A702
2112,华中科技大学天津学习中心,A709
2113,昆明路小学,A702
2114,宁河二幼,A701
2115,孟颧学校,A702
2116,汉沽区小太阳幼儿园,A701
2117,大港第七小学,A702
2118,花园艺术实验幼儿园,A701
2119,邓岑子联合小学,A702
2120,靓点幼儿园,A701
2121,滨海外国语学校,A703
2122,天津市科技进修学院汉沽分院,A709
2123,天津市宁商职业培训学校,A708
2124,开心宝宝幼儿园,A701
2125,天津电大宁河分校,A700
2126,天津市汉沽区求实幼儿园,A701
2127,汉沽区河西第三小学,A702
2128,塘沽区职工中专,A708
2129,东方培训学校,A709
2130,天津财经大学南门,A700
2131,天津中医药大学西门,A700
2132,隆华职业技术学校,A708
2133,经报进修学院宜昌道校区,A709
2134,天津市劳动保护学校,A708
2135,河西区第八幼儿园,A701
2136,立信职业中专学校,A708
2137,艺术体育幼儿园,A701
2138,天津市东丽区辛庄小学,A702
2139,天津市政工程局技工学校,A708
2140,天津体育学院运动与文化艺术学院,A700
2141,天津市科技型中小企业融资培训辅导中心红桥分中心,A709
2142,天津市幼儿师范学校,A708
2143,王庄村幼儿园,A701
2144,天津市文化局幼儿园,A701
2145,太平镇第二小学,A702
2146,宁园小学,A702
2147,天津市邮电通信进修学校,A708
2148,尤西小学,A702
2149,河北区五号路小学,A702
2150,常州道小学,A702
2151,大港油田德远高级中学,A703
2152,太平村中学,A703
2153,天津市第四十五中学,A703
2154,河北区教育局五号路三幼,A701
2155,天津市河西区第一幼儿园,A701
2156,大寺中心小学,A702
2157,天津市河东区体育学校,A709
2158,黄纬路小学,A702
2159,天津财经大学西南门,A700
2160,西苑小学,A702
2161,天津市委规划建设工委党校,A700
2162,河西区社区教育中心,A709
2163,川府里小学,A702
2164,金苹果双语幼儿园,A701
2165,建工职大塘沽分校,A700
2166,中国民航大学北区南门,A700
2167,天津市老年健康大学,A709
2168,北方信息学院,A709
2169,天津职业经理人高级研修学院,A709
2170,河西区老年大学梅江分校,A709
2171,蓟县白涧乡初级中学,A703
2172,天津市市政工程学校,A708
2173,华夏之星幼儿园双港分园,A701
2174,大港区海滨第六学校,A702
2175,北马路小学,A702
2176,天津市南开区咸阳路小学,A702
2177,佳园里小学,A702
2178,大港区太平镇第三小学,A702
2179,天津广播电视大学河东分校,A700
2180,西湾河中心小学,A702
2181,佳宁里小学,A702
2182,红桥区中心小学,A702
2183,天津市第八十二中学,A703
2184,天津市津交驾驶员学校,A706
2185,闽侯路小学分校,A702
2186,天津市津工技术学校,A708
2187,南开区艺术教育中心,A709
2188,鑫鑫育才幼儿园,A701
2189,天津机电工艺学院西门,A700
2190,引河里幼儿园,A701
2191,尤古庄镇中心学校,A702
2192,霍元甲文武学校,A708
2193,河北十六幼,A701
2194,嵩山道小学,A702
2195,天慈中学东院,A703
2196,汉沽区中心小学,A702
2197,天津市汉沽区第九中学,A703
2198,天津市农业广播电视学校,A708
2199,中营小学,A702
2200,恩德里小学,A702
2201,天津医药公司委员会党校,A709
2202,鸣鑫双语艺术幼儿园,A701
2203,塘沽区老干部大学,A709
2204,天津市渤海化工职工学院,A709
2205,天津市河东区保育院,A701
2206,洇溜镇中心幼儿园,A701
2207,迅腾国际滨海新区软件人才培养基地,A709
2208,河北区社会主义学校,A709
2209,天津市二十一中湖北路校区,A703
2210,滨海之星艺术幼儿园,A701
2211,世界人工晶体天津培训中心,A709
2212,天津市科学技术进修学院蓟县分院,A709
2213,东方金子塔幼小衔接培训中心,A701
2214,金月亮幼儿园,A701
2215,瑞德亲子学堂,A701
2216,西青区就业培训中心,A709
2217,河西区博文培训学校,A709
2218,银河星幼儿园,A701
2219,天津市昊安职业培训学校,A709
2220,史家庄小学,A702
2221,徐官屯中学,A703
2222,七里海镇薄台中心园,A701
2223,唐官屯镇郑家庄小学,A702
2224,金苹果双语艺术幼儿园,A701
2225,苟家营小学,A702
2226,静海镇上三里幼儿园,A701
2227,静海模范幼儿园,A701
2228,南埋珠小学,A702
2229,天津市兴安职业培训学校,A709
2230,岳龙中心小学,A702
2231,蓟县穿芳峪乡幼儿园,A701
2232,星辰小学,A702
2233,芦台开发区第一中学,A703
2234,闫家冢小学,A702
2235,育德学校,A702
2236,北肖楼中学,A703
2237,大海北小学,A702
2238,蓟县上仓镇八营小学,A702
2239,高家庄镇成人文化技术学校,A709
2240,大唐庄镇初级中学,A703
2241,静海东滩头中学,A703
2242,尚赫中心小学,A702
2243,蓟县洇溜镇中学,A703
2244,马伸桥镇中心学校,A702
2245,尧舜小学,A702
2246,王卜庄镇第三中心小学,A702
2247,大港区上古林小学,A702
2248,宝坻区大唐庄镇东淀小学,A702
2249,中国移动希望小学,A702
2250,府君庙中学,A703
2251,光华学校,A702
2252,宁河县工业进修学校,A709
2253,蓟县邦均镇中心幼儿园,A701
2254,蓟县侯家营镇中心学校,A702
2255,蓟县杨家楼中学,A703
2256,宝坻白中,A703
2257,大十八户学校,A702
2258,金色阳光艺术幼儿园,A701
2259,北城路小学,A702
2260,大艇小学,A702
2261,安二寺中心校,A702
2262,蓟县官庄镇南营中学,A703
2263,轩英文武学校,A709
2264,东方红中学,A703
2265,小学校,A702
2266,大于中心小学,A702
2267,大仇庄初级中学,A703
2268,盘山中学,A703
2269,朴楼学校,A702
2270,大月河村小学,A702
2271,龙文环球教育,A709
2272,蓟县尤古庄镇初级中学,A703
2273,何仉庄中心小学,A702
2274,邦均镇第四小学,A702
2275,赵家洼幼儿园,A701
2276,西城幼儿园,A701
2277,天津可口可乐希望小学,A702
2278,赵冠铭希望小学,A702
2279,口东镇东庄中心小学,A702
2280,方家庄中心小学,A702
2281,大沽中心小学,A702
2282,侯家营镇三岔口幼儿园,A701
2283,蓟县洇溜镇洇溜中心小学,A702
2284,别山初级中学,A703
2285,景苑幼儿园,A701
2286,潘庄镇中学,A703
2287,小李中学,A703
2288,蓟县渔阳镇中学,A703
2289,领头学校,A702
2290,东二营乡成人教育中心学校,A709
2291,后棘坨中学,A703
2292,大庄子中心小学,A702
2293,西龙虎峪镇中心学校,A702
2294,宝坻区大钟庄镇鲁沽小学,A702
2295,大杨庄中心小学,A702
2296,明强特殊教育学校,A709
2297,王虎庄幼儿园,A701
2298,大白庄镇初级中学,A703
2299,天津市航运学校宁河分校,A708
2300,天津外经贸职业学院中专部,A708
2301,静海县第一幼儿园,A701
2302,尧舜实验学校,A702
2303,静海县蔡公庄镇中学,A703
2304,静海县韩庄子中心校,A702
2305,香铺王中心小学,A702
2306,凡庄子小学校,A702
2307,杨津庄中心小学,A702
2308,天津静海王口中学,A703
2309,王卜庄镇第二中心小学校,A702
2310,芦台一中,A703
2311,流庄中心小学,A702
2312,王庄子学校,A702
2313,四党口中心小学,A702
2314,天保・大北希望小学,A702
2315,梁头镇委党校,A700
2316,西港中心小学,A702
2317,陈官屯镇中心幼儿园,A701
2318,双塘镇第二中心幼儿园,A701
2319,东长屯中心幼儿园,A701
2320,蓟县下窝头镇白塔子中学,A703
2321,郑庄子中心幼儿园（分园）,A701
2322,育才实验幼儿园,A701
2323,天津市第五十三中学,A703
2324,大口屯镇南苑中心小学,A702
2325,天津万博公学,A708
2326,小伙伴幼儿园,A701
2327,紫云幼儿园,A701
2328,未来星幼儿园,A701
2329,牛道口镇成人文化技校,A709
2330,黄花店镇中心小学,A702
2331,张贵庄小学,A702
2332,海滨双语幼儿园,A701
2333,网户庄小学,A702
2334,四高庄中心小学,A702
2335,武清区教师进修学校,A709
2336,新开口小学,A702
2337,河北区十七幼,A701
2338,红杜鹃艺术双语幼儿园,A701
2339,管铺头中心校,A702
2340,天津武清职业中专,A708
2341,天津广播电视大学北辰分校,A700
2342,塘沽区第一中学初中校区,A703
2343,河东四幼,A701
2344,华辰学校北校区,A703
2345,天津市东丽区老年大学,A709
2346,天津师范大学西校区,A700
2347,北辰区韩家墅幼儿园,A701
2348,滨海幼儿园,A701
2349,六一幼儿园,A701
2350,南开大学附属小学新校区,A702
2351,天士力中学,A703
2352,李明庄学校,A702
2353,多多乐幼儿园,A701
2354,铁路职工子弟第一小学校,A702
2355,海洋艺术学校五马路小学教学区,A709
2356,崔黄口中心小学,A702
2357,扬帆国际教育,A709
2358,北京乐悦欣艺术培训学校蓟县分校,A709
2359,南开区少年儿童业余体育学校,A709
2360,百花幼儿园,A701
2361,新立村中心小学幼儿园,A701
2362,天津市北辰区实验小学,A702
2363,奥拓第二幼儿园,A701
2364,北辰教育中心,A709
2365,东李幼儿园,A701
2366,四合庄小学,A702
2367,天津市交通学校,A708
2368,天津市塘沽第十一中学,A703
2369,杨嘴小学,A702
2370,新港第四小学,A702
2371,南北口中心小学,A702
2372,葛沽第二小学,A702
2373,天津市津南卫生学校,A708
2374,西右营联合小学,A702
2375,未来之星东丽幼儿园,A701
2376,小站第四小学,A702
2377,华苑博瀚小学,A702
2378,天津市汉沽区大神堂中学,A703
2379,南开社区学院华苑校区,A700
2380,天津建筑工程职工大学津南区分校,A709
2381,天津市东丽区东大桥小学,A702
2382,张贵庄街爱心保育院,A701
2383,二道桥学校,A703
2384,后沽中学,A703
2385,天津电大大港分校,A700
2386,天津开发区社区学院,A709
2387,滨海幼儿园贻和分园,A701
2388,天津新东方学校体北教学区,A709
2389,天津市工程高级技工学校,A708
2390,天津市经济贸易进修学院,A709
2391,天津市城市建设管理学校南院,A708
2392,二号桥中学,A703
2393,南开区第九幼儿园,A701
2394,天津市和平区健康教育所,A709
2395,和平区老干部党校,A700
2396,河西区第二十六幼儿园,A701
2397,铁路第一小学,A702
2398,第一保育院,A701
2399,公安局幼儿园,A701
2400,宁河县社会主义学校,A709
2401,天津华夏管理进修学院分校,A700
2402,梅江幼儿园,A701
2403,天津市科学技术进修学院,A708
2404,天津教委职业技术教育中心,A709
2405,河西区第二十五幼儿园,A701
2406,渤海化工集团党校,A709
2407,天津外国语学院第一附属小学,A702
2408,天津幼师附属幼儿园,A701
2409,河北第八幼儿园,A701
2410,天津建筑业农民工培训学校,A709
2411,天津市残疾人职业学校培训中心,A709
2412,天津市西青区社会主义学校,A709
2413,陈台子小学,A702
2414,大港区田苑小学,A702
2415,天津市电子信息高级技术学校,A708
2416,北辰区教育局委员会党校,A700
2417,西青区鸿泽幼儿园,A701
2418,中交天津航道局公司职工中专学校,A708
2419,董庄窠中心小学,A702
2420,河北驾校,A706
2421,天津市职业技术专修学院,A700
2422,新华南路小学分校,A702
2423,天津市大港区海滨教育中心,A709
2424,武清区黄庄中学,A703
2425,晨光双语艺术幼儿园,A701
2426,世纪精灵亲子会馆,A701
2427,南蔡村镇中心幼儿园,A701
2428,百灵艺术幼儿园,A701
2429,天津美术学院现代艺术校区,A700
2430,西堤头镇中心幼儿园,A701
2431,天津欧亚数控技术学院,A708
2432,光明三幼儿园,A701
2433,天津市第六中学,A703
2434,天津市社会实践教育中心,A709
2435,天津医科大学广东路校区,A700
2436,南蔡村镇第二小学,A702
2437,海贝艺术学校,A709
2438,天津市红桥区实验小学,A702
2439,口东镇双语幼儿园,A701
2440,天津市电化教育馆,A709
2441,新兴幼儿园,A701
2442,天津市第一机动车驾驶员培训学校,A706
2443,盼盼幼儿园分园,A701
2444,国际天才幼儿园华明分园,A701
2445,东丽区华明第一幼儿园,A701
2446,塘沽社区学院新港分院,A709
2447,天津市人大代表进修学校,A709
2448,凯旋幼儿园,A701
2449,北岸华庭幼稚园,A701
2450,东丽区华明第二幼儿园,A701
2451,圣宝康亲子乐园,A701
2452,天启幼儿园,A701
2453,津南四幼,A701
2454,天津韩国国际学校新校区,A703
2455,津南区第七幼儿园,A701
2456,津南电大,A708
2457,嘉嘉双语乐园,A701
2458,启蒙幼儿园,A701
2459,上仓镇小学,A702
2460,礼明庄中学,A703
2461,天津市外国语大学第二附属中学,A703
2462,上赫小学,A702
2463,红杜鹃艺术培训学校,A709
2464,肓才双语实验幼儿园,A701
2465,南开小学,A702
2466,华艺幼儿园,A701
2467,天津市第九中学新校区,A703
2468,天才双语艺术幼儿园,A701
2469,欢乐童年幼儿园,A701
2470,河东区社会主义学校,A709
2471,腾飞双语幼儿园湘江里分园,A701
2472,天津静海天华培训中心,A709
2473,天津市信息工程学校,A708
2474,花园新村幼儿园分园,A701
2475,马伸桥镇马伸桥中心小学,A702
2476,三合小学,A702
2477,天津建工职大分校,A700
2478,大稍直口中心小学,A702
2479,和平区教育招生考试中心,A709
2480,龙文环球教育,A709
2481,和平区体育馆街社区学校,A709
2482,杨学士中心学校,A703
2483,天津市城建技术学校,A708
2484,河东区互助道小学,A702
2485,天津体育学院运动与文化艺术学院,A700
2486,河东二十二幼彩丽园幼儿园,A701
2487,小太阳幼儿园红桥区图书馆分园,A701
2488,天津农学院西门,A700
2489,才艺幼儿园,A701
2490,日上幼儿园,A701
2491,任凤乡中心幼儿园,A701
2492,天津市财贸管理干部学院珠江道校区,A700
2493,潮阳小学,A702
2494,天津市检察官学院,A700
2495,天津市工会管理干部学院,A700
2496,天津城市建设学院成人教育学院,A700
2497,大王古庄镇第一中心小学,A702
2498,天津市河西十一幼,A701
2499,景苑小学,A702
2500,南开职专红日路校区,A708
2501,天津市华夏学校,A702
2502,天津职业技术师大东区,A700
2503,天津市河西区委党校,A700
2504,天津市轻工中等职业学校,A708
2505,中国工商银行天津金融培训学校,A709
2506,栖凤中学,A703
2507,天津市河东区大桥道小学,A702
2508,天津大港大苏庄小学,A702
2509,天津康事达中医职业学校,A708
2510,渤海职业技术学院分院,A700
2511,河北区老年大学,A709
2512,和平区新中小学南校,A702
2513,天津市东丽区宝元村小学,A702
2514,天津音乐学院附属中等音乐学校东门,A708
2515,塘沽区社会主义学校,A709
2516,程林中学,A703
2517,天津市小王庄中学,A703
2518,宁河县老年大学,A709
2519,天津市世纪中学,A703
2520,天津市科学技术进修学院河东分院,A709
2521,天津市第四十一中学,A703
2522,天津市仪电自动化学校,A708
2523,李家深高级中学,A703
2524,天津城市职业学院培训部,A709
2525,天津市交通集团工团学校,A709
2526,天津市北辰区线河小学,A702
2527,石各庄镇第三中心小学,A702
2528,天津市宝坻区刘辛庄小学,A702
2529,北五里中心校幼儿园,A701
2530,太空之星幼儿园,A701
2531,阳光双语幼儿园,A701
2532,天津市宝坻区马家店镇中学,A703
2533,天津市南开区职工大学,A700
2534,天津中医药大学东院,A700
2535,天津市宝坻区高家庄第一中心小学,A702
2536,天津港口管理中等专业学校,A708
2537,东粮窝学校,A702
2538,下伍旗镇忠义中心小学,A702
2539,第五十七中学月纬路校区,A703
2540,天津市东丽区南孙庄小学,A702
2541,冶金里小学,A702
2542,下伍旗镇河各庄中心小学,A702
2543,天津市药科中专南校区,A708
2544,天津市铃铛阁外国语中学,A703
2545,天津海关培训中心职工业余学校,A708
2546,文昌宫民族小学,A702
2547,南仓小学,A702
2548,天津市北辰区北仓幼儿园,A701
2549,黄花店乡鱼市庄中心小学,A702
2550,中国民航大学,A700
2551,河北屯镇中心幼儿园,A701
2552,天津管理干部学院,A700
2553,杨村第八小学,A702
2554,天津新华专修学院,A708
2555,天津二商集团干部学校,A709
2556,西青区沙沃中心小学,A702
2557,前丁庄小学,A702
2558,三十五中学,A703
2559,张家窝中学,A703
2560,宜兴埠第三小学,A702
2561,天津市轻工职业技术学校,A708
2562,梅厂镇聂庄子中心小学,A702
2563,王庆坨镇九街中心小学,A702
2564,武清区第一幼儿园,A701
2565,后巷明德中心小学,A702
2566,河东一幼金太阳幼儿园,A701
2567,天津市宝坻区高家庄初级中学,A703
2568,天津滨海职业学院,A700
2569,农业广播电视学校津南区分校,A709
2570,华育国际教育集团天津分校,A709
2571,天津市第九中学北校区,A703
2572,兴安路小学,A702
2573,南开实验学校碧华里小学部,A702
2574,河北屯镇亢家庄中心小学,A702
2575,宝坻区高家庄镇第二中心小学,A702
2576,天津市财经职业中专,A708
2577,津南第六幼儿园,A701
2578,咸水沽三中,A703
2579,格调天使艺术中心,A709
2580,天津市王顶堤驾校,A706
2581,天津红桥驾校,A706
2582,未来之星幼儿园,A701
2583,新爱婴蒙台梭利早教中心,A701
2584,天津市机电工业学校河北校区,A708
2585,天津大学铭德道门,A700
2586,北辰区中等职业技术学校,A708
2587,阳光岛亲子早教中心,A709
2588,汉沽区第二幼儿园,A701
2589,津南区咸水沽第三小学,A702
2590,天津师范大学教师教育津南分院,A700
2591,红新幼儿园,A701
2592,宁河县洲丽希望小学,A702
2593,东丽赵北中心小学,A702
2594,天津交通职业学院滨海学院,A700
2595,白庙小学,A702
2596,良王庄乡府君庙中心小学,A702
2597,天津市北辰区委党校,A700
2598,运家庄中心小学,A702
2599,霍各庄镇初级中学,A703
2600,大丰堆中心校,A702
2601,东双塘学校,A702
2602,大钟镇袁罗中学,A703
2603,河西中心小学,A702
2604,廉庄中心小学,A702
2605,大钟庄镇中学,A703
2606,李三店中心小学,A702
2607,靳官屯中心小学,A702
2608,后明庄中心小学,A702
2609,摩托罗拉希望小学,A702
2610,伍麻庄中心小学,A702
2611,任汉中心小学,A702
2612,西四庄小学,A702
2613,北肖楼中心小学,A702
2614,红光中学,A703
2615,津美幼儿园,A701
2616,赵各庄中心小学,A702
2617,卓美天使婴幼园,A701
2618,八一希望小学,A702
2619,板桥中心小学,A702
2620,天津大学网络教育学院,A700
2621,宁河县潘庄镇纪庄村小学,A702
2622,东丽区妇女教育培训中心,A709
2623,天津市南开田家炳中学,A703
2624,静海县王口镇进庄小学,A702
2625,蔡公庄中心小学,A702
2626,蓟县马伸桥镇初级中学,A703
2627,王卜庄高级中学,A703
2628,天津市新华社区学院,A708
2629,天津市商业文化进修学院,A709
2630,七里海镇齐家埠小学,A702
2631,宁河县芦台镇第一小学,A702
2632,豆张庄乡龚家庄完全小学,A702
2633,大王古庄中心小学,A702
2634,泰达开发区第二小学,A702
2635,静海县梁头镇张庄子小学,A702
2636,唐官屯镇鲁辛庄小学,A702
2637,宁河县丰台镇窑头小学,A702
2638,天津市红桥区佳春里小学,A702
2639,大八亩坨中心小学,A702
2640,香山道小学,A702
2641,l口中心小学,A702
2642,天津影视职专,A708
2643,南开区乒乓球运动学校,A709
2644,天津对外经济贸易职业学院南部,A700
2645,天津市仁好职业培训学校,A709
2646,南开二十二幼,A701
2647,山木培训学校,A709
2648,天津艺术教育进修学院,A709
2649,天津市河东区益寿里小学,A702
2650,河北第一幼儿园,A701
2651,天津理工大学新校区北门,A700
2652,北辰区天穆村体育局青少年游泳训练基地,A709
2653,天津市科技进修学院西青分院,A700
2654,红桥区十八幼儿园,A701
2655,天津市管理干部学院西院,A700
2656,天津农村妇女培训服务中心,A709
2657,天津市仪表无线电工业学校,A708
2658,天津工程职业技术学院北校区,A700
2659,大港油田第三中学,A703
2660,西青区英宝幼儿园,A701
2661,南开实验学校天华里幼儿部,A701
2662,天津市西青区第二幼儿园,A701
2663,蔡家堡学校,A702
2664,南开区第三保育院,A701
2665,和平特教中心,A709
2666,天津市第一商业学校,A708
2667,天津市武清区委党校,A700
2668,双桥中学,A703
2669,和平区第十一幼儿园,A701
2670,天津市养老护理员职业培训学校,A709
2671,天津城建学院,A700
2672,盘山道中学,A703
2673,天津机电职业技术学院,A700
2674,花园天使儿童生活馆,A701
2675,秋瑞少儿艺术培训中心,A709
2676,安博华英河西校区,A709
2677,天津市童评衷昂游鞣植,A709
2678,西营门外幼儿园,A701
2679,马伸桥镇淋河中心小学,A702
2680,小学生活劳动教育基地管理中心,A709
2681,宁河县小薄中学,A703
2682,天津工业大学,A700
2683,天津外国语学院,A700
2684,苗庄中学,A703
2685,天津市蓟县杨津庄镇中学,A703
2686,天津电大武清分校,A700
2687,教师进修学校,A700
2688,天津开发区职业技术学院,A700
2689,大港区职业成人教育中心滨海中专,A708
2690,天津市老年人综合大学养老院分校,A709
2691,新雅特学校,A709
2692,天津艺术职业学院,A700
2693,天津市汉沽区第一中学,A703
2694,医药教育中心南院,A709
2695,天津市翔东高级中学,A703
2696,小小世界双语幼儿园,A701
2697,天津市佟楼中学,A703
2698,天津大学仁爱学院,A700
2699,天津科技大学南门,A700
2700,育杰中学,A703
2701,天津城建学院西门,A700
2702,天津市翔宇科技贸易学校,A708
2703,天津国际语言文化进修学院,A700
2704,南开大学幼儿教育中心,A701
2705,塘沽区刘庄南窖小学,A702
2706,天津市五十四中新校区,A703
2707,天津市津南区新房小学,A702
2708,龙文环球教育,A709
2709,基督教女青年会幼光幼儿园,A701
2710,曹子里中学,A703
2711,天津市职工公用事业学院,A709
2712,蓟县行政学校,A709
2713,河西区会计进修学校,A709
2714,汇众教育天津校区,A709
2715,河西区启智学校,A709
2716,北三村小学,A702
2717,静海模范学校,A702
2718,江南寄宿小学,A702
2719,天津城市职业学院河西分院,A700
2720,大韩庄小学,A702
2721,天津旅游育才职专河北路校区,A708
2722,天津市卫生局幼儿园分园,A701
2723,石各庄镇中心幼儿园,A701
2724,天津市美亚职业学校,A708
2725,天津市青光中学,A703
2726,天津商业大学,A700
2727,天津电大新华分校,A700
2728,南麻疸小学,A702
2729,天津市河东区靶当村小学,A702
2730,天津泉州武术院,A709
2731,河北区会计培训学校,A709
2732,上马台镇中心幼儿园,A701
2733,大曲河中心小学,A702
2734,口东幼儿园,A701
2735,天津青年职业学院滨海校区,A700
2736,头百户中心小学,A702
2737,天津市工大职业培训学校,A709
2738,天津市劳动和社会保障宣传教育中心,A709
2739,南开区科技实验小学,A702
2740,天津市建筑工程职工大学,A700
2741,共青团宁河县团校,A709
2742,华旭小学,A702
2743,后沽中心小学,A702
2744,天津理工大学华信软件学院,A700
2745,河西区瑞思特幼儿园,A701
2746,实验小学附属幼儿园,A701
2747,北蔡村乡中学,A703
2748,共青团天津港务局委员会团校,A709
2749,南开区第一幼儿园,A701
2750,ＬＧ温家房子希望小学,A702
2751,天津市敬民中学,A703
2752,天津财经职业中专,A708
2753,王秦庄小学,A702
2754,渤海石油第三小学,A702
2755,台湾路小学,A702
2756,天津市第九中学,A703
2757,史各庄镇朱家铺中心小学,A702
2758,邦均镇第五小学,A702
2759,卓群高级中学,A703
2760,南开驾驶员培训学校,A706
2761,天津二中（北院）,A703
2762,电力局第二幼儿园,A701
2763,铁道部天津物资管理干部学院,A700
2764,天津市轻工职业技术学校,A708
2765,河东区街坊小学,A702
2766,天津大学滨海工商管理学院,A700
2767,育才双语幼儿园,A701
2768,报喜鸟杨辛庄中心小学,A702
2769,东海里小学,A702
2770,小天鹅幼儿园,A701
2771,塘沽区教育中心,A709
2772,伊顿慧智双语幼儿园,A701
2773,南开三幼,A701
2774,东丽区职业教育中心学校,A708
2775,天津师范大学富家湾幼儿园,A701
2776,皇家少儿英语,A709
2777,下朱庄街中学,A703
2778,黄庄第二小学,A702
2779,西苑幼儿园,A701
2780,河西区第十幼儿园,A701
2781,康达驾校,A706
2782,学大教育,A709
2783,天津市新兴技术学校,A708
2784,天津市电信希望小学,A702
2785,龙盛电脑培训学校,A709
2786,天津泰达幼儿园,A701
2787,天津市中山小学,A702
2788,蓝岸森林幼儿园,A701
2789,南开六幼,A701
2790,大港区第六小学,A702
2791,欧文幼儿园,A701
2792,阳光宝贝幼托,A701
2793,尚庄学校,A702
2794,塘沽区第一职专培训学校,A708
2795,五马路小学,A702
2796,津学教育,A709
2797,育才职业学校,A708
2798,富达幼儿园,A701
2799,欢庆里小学,A702
2800,育才幼儿园,A701
2801,天津市汇文中学,A703
2802,大张庄中学,A703
2803,天津市塘沽区新城小学,A702
2804,静海县独流中学,A703
2805,塘沽九幼,A701
2806,辛庄中学,A703
2807,八里桥中心小学,A702
2808,爱婴计划早教泳疗馆,A709
2809,天津市南开艺术中学,A703
2810,天津市委市级机关工委党校,A700
2811,崔黄口镇前营中心小学,A702
2812,蓟县翠屏山中学,A703
2813,三双小学,A702
2814,西老鸦口村中心小学,A702
2815,蓟县实验小学,A702
2816,希望双语艺术幼儿园,A701
2817,张子铺中心小学,A702
2818,崔黄口初级中学,A703
2819,华英星辰幼儿园,A701
2820,天津市津南区实验小学,A702
2821,黄庄中学,A703
2822,小太阳幼儿园,A701
2823,汉沽区职工卫生学校,A708
2824,天津市塘沽区爱心幼儿园,A701
2825,蓟县顶新希望小学,A702
2826,和平区红十字会卫生救护培训中心,A709
2827,和平区第八幼儿园,A701
2828,马集小学,A702
2829,华夏之星幼儿园辛庄总园,A701
2830,滨海新区红贝壳幼儿园,A701
2831,泗村店镇前屯中心小学,A702
2832,东方爱婴早教中心,A701
2833,天津市七十二中艺术高中,A703
2834,天津冶金职业技术学院,A700
2835,天津市电大市政分校,A700
2836,滨海职业学院远程教育学院,A700
2837,天津耀华滨海学校,A703
2838,育才幼儿园,A701
2839,天津市红桥区新实小学,A702
2840,岳家庄小学,A702
2841,洪水庄乡旱店子中心小学,A702
2842,天津城市职业学院新华分院,A700
2843,多彩幼儿园,A701
2844,武清区大良中学,A703
2845,和平幼教集团华夏未来第二幼儿园,A701
2846,蓟县邦均中学,A703
2847,天津市建筑工程学校,A708
2848,天津机电工艺学院西院,A700
2849,天津市第一轻工业学校分校,A708
2850,天津市八里台中学,A703
2851,天津市塘沽区胡家园小学,A702
2852,杨村街幼儿园,A701
2853,滨海职业学院南校区,A700
2854,胡连庄中心小学,A702
2855,巨家庄中心小学,A702
2856,宁波里小学,A702
2857,农行天津培训学院,A709
2858,东马圈镇中心幼儿园,A701
2859,天津新华职专,A708
2860,天津市第二十九中学,A703
2861,友谊寄宿小学,A702
2862,大田中心学校,A702
2863,南蔡村镇小学,A702
2864,天津市小站第一中学,A703
2865,天津市北辰区西堤头小学,A702
2866,天津旅游育才职专哈密道校区,A708
2867,中国农业大学网院天津学习中心,A709
2868,天津市视力障碍学校,A709
2869,杨村第七小学,A702
2870,武清县杨村镇党校,A700
2871,天津开发区国际学校,A703
2872,西青区东兰坨中心小学,A702
2873,天津市小站镇第五小学,A702
2874,天津新华社区学院,A700
2875,蓟县洇溜镇八里庄完全小学,A702
2876,红光幼儿园,A701
2877,东丽教师进修学校,A709
2878,育人教育培训学校,A709
2879,天津市第四十七中学,A703
2880,新安镇第一中心希望小学,A702
2881,河西区第一幼儿园第六田园分园,A701
2882,盼盼幼儿乐园,A701
2883,恋日国际美语幼稚园,A701
2884,天才幼儿园,A701
2885,河西区第五幼儿园,A701
2886,联盟小学,A702
2887,河北工业大学,A700
2888,天津医科大学,A700
2889,蓟县下营中学,A703
2890,华艺艺术幼儿园,A701
2891,北潭中心小学,A702
2892,静海镇徐庄子中学,A703
2893,西寨中心小学,A702
2894,孙各庄满族乡第二民族小学,A702
2895,蔡公庄中学,A703
2896,独流镇育英小学,A702
2897,民族中学西校区,A703
2898,西翟庄中学,A703
2899,苏家庄中美史克希望小学,A702
2900,河西务镇初级中学,A703
2901,天津石化第一幼儿园,A701
2902,武清成人中专城关分校,A708
2903,天津人民广播电台蓟县第一希望小学,A702
2904,静海县体育运动学校,A709
2905,河东区中心东道小学东南门,A702
2906,建物街小学,A702
2907,实验小学,A702
2908,新安镇第二中学,A703
2909,天津市五十七中学,A703
2910,天津市二十五中学北院,A703
2911,东二营中心小学,A702
2912,天津市大港第三中学,A703
2913,口东中学,A703
2914,刘上道体彩小学,A702
2915,宝坻区陈家庵中心小学,A702
2916,天津傅村中学,A703
2917,兴家坨中心小学,A702
2918,高官屯小学,A702
2919,宝坻县中登高中,A703
2920,三街小学,A702
2921,北蔡村乡北蔡村小学,A702
2922,宁河县潘庄镇潘庄小学,A702
2923,大港第十一小学,A702
2924,蓟县擂鼓台中学,A703
2925,大黄洼中心小学,A702
2926,天津市河西区尖山小学,A702
2927,土河中心小学,A702
2928,蓟县教师进修学校,A709
2929,天津市外大职业培训学校,A709
2930,岳家庄中心小学,A702
2931,天津城市职业学院新华分院,A700
2932,塘沽第六幼儿园,A701
2933,华源联合中心小学,A702
2934,宁河县桥北镇王北小学,A702
2935,高台中心园,A701
2936,东营胜利海运学校天津分校,A708
2937,双港新家园实验小学,A702
2938,陈山庄中心小学,A702
2939,红星小学,A702
2940,天津理工大学海运学院,A700
2941,刘台中心小学,A702
2942,巍林乐友音乐艺术中心,A709
2943,天津市宁河县中专,A708
2944,天津市老干部大学,A709
2945,鑫鑫双语幼儿园,A701
2946,天津南开区第二十八幼儿园,A701
2947,育英才双语幼儿园,A701
2948,天津美术学院,A700
2949,航运学校,A708
2950,中德职业技术学院,A700
2951,八门城镇菱角沽中心小学,A702
2952,天津一中北门,A703
2953,河东劳动局职业技术学校,A708
2954,账房瞿中心小学,A702
2955,东寨中心小学,A702
2956,大唐庄镇中心幼儿园,A701
2957,天津市和平区劝业场小学,A702
2958,天津市国际商务学校,A708
2959,天津外国语大学附属外国语学校,A703
2960,天津市丰泽中学,A703
2961,天津科技大学塘沽校区南门,A700
2962,天津商业大学南门,A700
2963,天津市六十三中学,A703
2964,天津市河北区增产道小学,A702
2965,西柳木中心小学,A702
2966,王口镇第四小学,A702
2967,天津市东丽区第二幼儿园,A701
2968,天津市职业技术专修学院,A700
2969,东郝庄中心小学,A702
2970,宁河县芦台第三中学,A703
2971,大田镇中心幼儿园,A701
2972,务本一村小学,A702
2973,天津市汉沽区第四幼儿园,A701
2974,于庄子小学,A702
2975,东安驾校,A706
2976,天津市万科实验模范小学,A702
2977,天津滨海技工学校,A708
2978,民进汉沽区务实学校,A709
2979,塘沽区青少年业余体育学校,A709
2980,天津市机电工艺学院杨柳青校区,A700
2981,幸福双语实验幼儿园,A701
2982,武清县杨村镇回民小学,A702
2983,天津市汉沽区教育中心,A709
2984,金摇篮艺术幼儿园,A701
2985,天津泰达枫叶国际学校,A703
2986,未来之星艺术幼儿园,A701
2987,中央党校函授学院天津分院塘沽学区,A700
2988,天津工程师范学院附属技师学院津南校区,A708
2989,红桥区第一幼儿园实验园,A701
2990,天津市红桥区外国语小学,A702
2991,天津众信家政服务职业培训学校,A709
2992,腾飞双语幼儿园第四分园,A701
2993,天津市少年儿童艺术培训学校,A709
2994,天津市烹饪协会烹饪职业培训学校,A709
2995,经报进修学院双峰道校区,A709
2996,天津市明德国学馆,A709
2997,庞各庄中心小学,A702
2998,和平区中心小学文善里校区,A702
2999,滨海网球学校,A709
3000,天津益中学校,A703
3001,南开区第十幼儿园,A701
3002,河西区教育中心,A709
3003,河西中心小学,A702
3004,天津市慧翔职专东校区,A708
3005,天津开发区职业技术学院电工电子实训中心,A709
3006,河东区第十八幼儿园,A701
3007,天津市工程技师学院河北校区,A708
3008,耀华技校西青道教学校区,A708
3009,天津市育贤中学,A703
3010,天津市津南区第十幼儿园,A701
3011,天津工程职业技术学院西校区,A700
3012,天津市南仓中学,A703
3013,学大教育科技（北京）公司河东分公司,A709
3014,三星手机人才培养学校,A709
3015,天津新星之星双语幼儿园,A701
3016,西青区职业中等专业学校,A708
3017,宁河第三幼儿园,A701
3018,天津科学技术进修学院宁河分院,A709
3019,河西区中心小学宾馆校区,A702
3020,天津开发区－泰达保育院,A701
3021,天津戏剧影视艺术学校,A709
3022,奥兹久华里幼儿园,A701
3023,天津市总工会农民工业余学校,A709
3024,苑家堡小学,A702
3025,天津市南开区第二保育院,A701
3026,天津师范大学学前教育学院分校,A700
3027,天津师大富家湾幼儿园孙庄分园,A701
3028,双桥河第一小学,A702
3029,天津市公用技师学院,A708
3030,南开大学泰达学院,A700
3031,香山道中学,A703
3032,天津市体育运动学校,A708
3033,上海道小学分校,A702
3034,河北区教师进修学校,A709
3035,天津大地实验幼儿园,A701
3036,南开大学商学院,A700
3037,和平区中心小学,A702
3038,浙江路小学,A702
3039,蓟县马伸桥镇中心幼儿园,A701
3040,天津行政学院西院,A700
3041,大港区第九中学,A703
3042,崔黄口镇大宫城中心小学,A702
3043,王庆坨镇郑大小学,A702
