南北,4021
满五年,3775
近地铁,2076
南,2372
满二年,1870
车位充足,917
次新房,716
有电梯,653
带电梯,436
电梯房,427
临地铁,400
绿化率高,373
精装修,337
大两居,653
交通便利,312
南向采光好,307
正南朝向,305
多人关注,301
出行方便,295
刚需两居,285
交通便捷,282
房东直卖,281
中间楼层,271
近医院,271
户型方正,254
医疗配套成熟,237
房龄新,215
购物方便,206
楼龄新,204
热门小区,199
随时看房,196
商圈成熟,194
次新小区,192
商业配套成熟,190
商品住宅,190
小区新,189
装修好,182
高楼层视野无遮挡,181
商业配套齐全,178
楼层好,174
精装好房,174
急售,171
高楼层视野好,162
高楼层采光充足,159
中间好楼层,157
精装可拎包入住,156
商品房,147
采光好,138
产权清晰,137
唯一住房,135
中间楼层采光好,134
人气热搜,130
采光较好,124
刚需小三居,120
正规商品房,117
停车方便,113
房东急售,109
小三居,92
价格优惠,90
配套成熟,90
双卫,87
双卫格局,85
双卫生间,85
好楼层,85
集中供暖,85
杨村街,83
看房方便,83
价格可议,80
拎包入住,80
小三房,79
低密宜居,78
密度低,77
随时可看,76
超低密度,75
低密度社区,74
有钥匙,71
低容积,62
诚意出售,61
诚心出售,60
随时看,59
居住密度低,57
东,55
东南,53
带车位,52
总价低,52
配套齐全,50
新城悦隽央著,47
低楼层,46
位置好,44
东西,43
急卖,40
板楼,40
精装两室,40
业主急售,38
优势户型,38
VIP房东直卖,37
两室,37
业主诚意出售,36
精装,36
H户型,34
环境好,34
私产,34
西南,34
明厨明卫,33
价可谈,31
北,31
无遮挡,31
看房随时,31
十一中,30
新上小区,30
中楼层,29
生态城,29
盛世郦园,29
远洋新干线,29
电梯洋房,28
房主急售,27
枫丹天城,27
西北,27
高绿化,27
看房有钥匙,26
通透两室,26
钥匙房,26
全阳两室,25
可贷款,25
大两室,25
居家自住,25
中间层,24
动静分离,23
小区绿化高,23
税费低,23
经纬城市绿洲学知华庭,23
全明户型,22
得房好,22
采光充足,22
三室,21
可议,20
西,20
诚心卖,20
价格可谈,19
公摊小,19
精装三室,19
送车位,19
婚房装修,18
富力尚悦居,18
有车位,18
环境优美,18
3室2厅,17
保利,17
天穆,17
得房率高,17
雍鑫红星华府,17
2室1厅,16
东北,16
婚房,16
带装修,16
必看好房,16
无个税,16
经纬二期,16
通透户型,16
雍鑫金科集美雍阳,16
香雍玖和,16
2室2厅,15
出售,15
天辰世纪天和丽园,15
带地下室,15
新上,15
2室,14
一梯两户,14
业主诚心出售,14
二楼,14
南北向,14
双街镇,14
双阳户型,14
商务区,14
视野开阔,14
不临街,13
位置,13
好位置,13
宝翠花都探景园,13
小高层,13
带地下车位,13
意境兰庭,13
新上房源,13
正荣润Z湾,13
私产满五,13
秋瑞家园,13
通透H户型,13
高楼层,13
万科物业,12
三室双卫,12
中高楼层,12
仁恒滨河湾,12
保养好,12
品质小区,12
新登记,12
无尾款,12
港韵新苑,12
翠亨花园北里,12
融创东岸名郡,12
视野好,12
贻成学府壹号,12
远洋未来城冬博苑,12
两室一厅,11
中建壹方九里宸澜华庭,11
中新生态城,11
南北通透户型,11
双地铁,11
地铁,11
小区环境好,11
户型好,11
房主诚意出售,11
新房未住,11
毛坯房,11
河西三片,11
湾区C位,11
私产可贷款,11
精装两居,11
荔城公馆,11
诚售,11
降价急售,11
11中,10
一楼,10
中建壹方九里锦澜华庭,10
人车分流,10
保利海棠湾,10
光明中,10
地段好,10
性价比高,10
新上好房,10
新出,10
有房本,10
有钥匙随时看,10
柴楼新庄园竹园,10
河雅颂(北区),10
满五唯一,10
澜和湾,10
现房,10
直管公产,10
精装2室,10
融创御园,10
豪华设计,10
过五年,10
采光无遮挡,10
一楼带院,9
万科观澜,9
三室两卫,9
为您爱的人,9
人生一梦,9
体验奢华生活,9
南开北片,9
周边配套成熟,9
家具家电全送,9
尚智园,9
带小院,9
张家窝,9
有钥匙随时看房,9
民和巷花园,9
洋房三楼,9
白云苍狗,9
盛世家园,9
盛世睿园,9
筑一座温馨家园,9
精装婚房,9
紧邻地铁,9
紫云园,9
老证,9
落地窗,9
蒲瑞馨园(北区),9
贻成豪庭,9
采光视野好,9
闽侯路,9
2楼,8
70年产权,8
二次装修,8
价位可议,8
价格能谈,8
住房,8
保利香颂湖,8
全明两室,8
凤河孔雀城,8
十三小十一中,8
南北通透H户型,8
南开,8
南站,8
复地湖滨广场,8
小区,8
带赠送中间层全明户型,8
新城金樾府,8
新城长风雅著,8
晟卉花园,8
有地铁诚心卖,8
朝向好,8
桃源居精装修三室,8
梅江,8
楼层,8
正荣新上,8
没住过人,8
河东区,8
洋房,8
津科优选,8
满两年,8
电梯6楼,8
着急出售,8
碧春园,8
福满园,8
紫瑞园,8
绅湖公馆,8
莱茵春天,8
融创半湾半岛,8
融泰城,8
车位,8
送家具家电,8
金地艺英里,8
随时可以看房,8
领包入住,8
首创国际,8
11中13小,7
3楼,7
一楼带小院,7
三楼,7
不临高铁,7
东丽湖,7
云锦世家,7
价格好谈,7
保利品质,7
前排无遮挡,7
劝业场,7
北岸尚城,7
十一中十三小,7
十三小,7
南K对面,7
可随时看房,7
周边配套齐全,7
国耀上河城,7
地铁房,7
城际美景,7
大产权,7
好楼层好位置,7
季景华庭,7
富力湾,7
振业名邸,7
振业御湖,7
新城玺樾熙棠,7
新小区,7
新港街祥和家园双阳金角户型主卧带阳台看房有钥匙紧邻热卖,7
旭辉燕南园,7
春和仁居,7
模范,7
欣康苑,7
河西,7
洋房好楼层,7
津南八里台,7
碧泉花园,7
简单装修,7
繁华地段,7
胡家园街,7
融科心贻湾,7
视野无遮挡,7
诚意卖,7
起步区,7
近一周新上房源,7
采光佳,7
陈塘庄,7
馨达园(武清),7
高端小区,7
鸿儒新园(南区),7
1楼,6
三居双卫,6
三居室,6
业主诚售,6
东西向,6
九和府,6
交通方便,6
人车分流小区,6
价格好商量,6
保真,6
光明,6
全明,6
北闸口,6
南北通透两室,6
南向面,6
南市,6
南开对面,6
双卧客厅朝南,6
可拎包入住,6
和平一片,6
咸水沽,6
嘉泰翰林学府,6
嘉畅园,6
大沽街,6
天穆东苑,6
太合适了,6
好房,6
好楼层采光好,6
实验,6
尚园,6
建昌道街,6
房,6
新婚,6
新港街,6
旭辉御府,6
柴楼新庄园金园,6
欣然苑,6
正荣润景湾,6
水,6
河西一片,6
河西区,6
泽天下心泽园,6
津南新城合茂园,6
津门熙湖,6
海教园,6
海昌天澜,6
海道,6
满5年,6
电梯,6
盛庭名景,6
看房联系,6
着急卖价格能谈,6
碧水庄园,6
祥福园,6
精装修三室,6
精装修拎包入住,6
精装全明两室,6
精装自住满五,6
紫泉庭苑,6
荣悦园,6
融科贻锦台,6
裕华园,6
谁买谁合适,6
豆张庄镇,6
边户,6
通透2居,6
通透三室,6
通透三居,6
都旺新城兰芳园,6
采光观景好,6
金角,6
锦润华庭,6
隆达新苑,6
随时能看,6
高新区,6
2室1厅1卫,5
2室2厅1卫,5
8小12中,5
一室,5
七天下本,5
万科假日风景,5
万科四季花城雅园,5
下朱庄街,5
世茂国风雅颂,5
业主诚意卖,5
两室通厅,5
中储城邦文澜花园,5
中层金角,5
中建壹方九里,5
中心商务区,5
中海公园城滟湖苑,5
临近地铁站,5
义江里,5
云山道,5
亨通花园东区(北里),5
价格可大刀,5
价格合适,5
企业力荐好房诚意出售,5
位置好近城际,5
便宜,5
全天采光,5
全阳户型,5
公园两室,5
公摊少,5
六中,5
凯旋苑,5
刚需房,5
别看报价,5
前排,5
力高阳光海岸逸海苑,5
北塘街,5
十二中,5
华亭国际洋房,5
南北通透三室,5
南北通透全明装修好,5
南北通透采光好,5
南开北,5
南开旁,5
厨卫全明设计,5
双阳台,5
可看,5
君利花园,5
品质社区,5
商超便利,5
地铁二号线卞兴站旁,5
地铁旁,5
大梅江,5
大都会1号,5
央著洋房,5
好楼层看房方便,5
婚房精装,5
婚房适宜,5
宝龙城北苑,5
实现舒适三房,5
小区中心位置,5
小高带车位,5
少,5
尚清湾(北区),5
必卖好房,5
急售尊和园,5
急急急,5
恒大山水城(东区),5
房主自住带车位,5
房源,5
所见即所得,5
拎包即住,5
新上全阳两室,5
新城央著,5
新城悦隽央著精装修130万通透两室次新房随时看房,5
新房现房,5
新湾花园(北园),5
无大税,5
旭辉滨海江来,5
本业主熟,5
杭州道街,5
松风东里,5
标准H户型,5
欢迎咨询,5
欢迎来电,5
欣中苑,5
正荣2期,5
正荣府,5
正规2室2厅,5
毛坯2室适合婚房,5
汇颐花园,5
河府,5
河雅颂(南区),5
河雅颂北区,5
泽天下顺泽园,5
瑞益园,5
生态城起步区,5
直售,5
社会山南苑,5
禹洲尊府,5
离梦想很近,5
精装2居,5
精装洋房,5
精装洋房三居室,5
精装洋房带车位,5
紧邻杨一城际,5
红桥,5
经纬城市绿洲学府华庭,5
置换急售,5
莱茵小镇美庭苑,5
蒲瑞祥园东区,5
蓝岸森林,5
装修豪华保养好,5
西大沽街,5
豪华精装,5
赠15万精装,5
近光明,5
远洋香奈全阳精装两居,5
送地下室,5
适合改善,5
都旺新城竹芳园,5
长瀛御龙湾,5
阳光100国际新城东园,5
随时走手续,5
雍鑫红星华府通户型,5
静海镇,5
首创国际城,5
黄庄街,5
2室通透户型,4
3室洋房,4
4楼精装两室,4
D铁,4
一天未住,4
一楼带大院,4
万科东第,4
三中,4
世侨唐墅,4
世茂璀璨公园,4
业主急卖,4
业主用,4
东南朝向,4
两室一厅一卫,4
中央湖公园,4
中建幸福城,4
中浩智城,4
临近地铁,4
主卧朝南,4
五马路,4
亨通花园东区(南里),4
价可议,4
位置好新小区,4
低总价,4
便宜只是一方面,4
修,4
假日风景H户型两室万科物业看房随时有钥匙,4
公园旁,4
凤栖梧桐翠谷园,4
出门南开,4
北仓,4
北师大隔壁电梯花园洋房,4
北院,4
华亭国际,4
华润中央公园香薇邸,4
单位产,4
南北通透大两室,4
即住,4
双港,4
双环街,4
古林街,4
可,4
可谈,4
君利新家园,4
和溪园,4
品质高,4
售卖诚意大,4
团购价格,4
地采暖,4
大华锦绣华城,4
大落地窗,4
大金角,4
天一绿海揽秀园,4
天津小外旁,4
天物轩宇嘉园,4
好房推荐,4
好楼层南北通透,4
宜清花园,4
宝翠花都瞰景园,4
宝龙城南苑,4
实景,4
宾水北里,4
富力津门湖长滩鸣泉花园,4
富强新家园,4
小三室,4
小区中间位置,4
小区环境优美,4
小砖房,4
工农村街,4
带阁楼,4
带院子,4
底价120W,4
急售房,4
急售新城悦隽央著十一中十三小紧邻杨村一中高铁,4
总房款低,4
惠众家园,4
我有钥匙,4
房主媳妇急了,4
房型方正,4
房子好才是硬道理,4
新出精装两室,4
新小区龙湖春江天玺三居,4
旅游区,4
旭辉滨海江来天晖苑,4
晓蒙力推,4
普东街,4
有燃气,4
有车位无遮挡,4
李七庄,4
枫丹天城中间楼层精装三居室,4
枫林湾,4
柳溪苑,4
楼位好,4
楼层中,4
楼间距大,4
次新,4
次新小区楼龄新,4
次新洋房,4
正荣2期新上2室,4
步行光明中小,4
汊沽港镇,4
汤泉世家,4
没个税,4
河西一P,4
满5年无个税,4
滨海一中旁,4
滨海万达旁,4
滨海名都,4
滨海小外,4
滨海江来,4
物业,4
特惠,4
瑞景街,4
生态城中部,4
电梯中间层,4
畔景庭院,4
盖,4
盛世嘉园,4
盛世睿园精装三居,4
盛庭豪景,4
盛星东海岸,4
盛耀华府,4
看,4
着急卖,4
瞧一瞧看一咯,4
碧溪卓园,4
私产房,4
私产过五年,4
税费少,4
空港经济区,4
精装一天没住,4
精装修两室南北通透,4
精装洋房两室临近,4
紧邻一中十一中十三小,4
紫泉郡,4
紫韵枫尚,4
红云新里,4
红桥房本红桥,4
经纬一期,4
经纬城市绿洲华清家园,4
荣欢园,4
蒲瑞馨园(南区),4
蓝山花园(西区),4
融创中央学府(东区),4
装修保持好,4
西边户,4
诚基中心国际公寓,4
诚意售,4
贻成东园,4
贻正嘉合,4
距离医院近,4
过两年,4
远洋万和城,4
远洋城滨雅花园,4
送20W精装修,4
送地库车位,4
邻近地铁,4
采光没有遮挡,4
金地悦城大境,4
金谊花园,4
银角,4
长征楼,4
集体可买,4
青光,4
顶层,4
领世郡,4
颐安花园(西区),4
香山道片,4
高铁,4
(出国诚售),3
100平花园,3
12中,3
13小,3
17小,3
1厅,3
1室,3
1楼带院子,3
22W可议锦花园的一套大两房,3
27万全办齐,3
2居室,3
3室精装修,3
3居通透,3
4楼,3
H1户型,3
一中旁,3
一楼带花园,3
万科大2室,3
万科家园金角边户带车位,3
万科物业自营,3
万科西庐文韵园,3
万科运河文化村,3
万达商圈,3
万达旁,3
三室精装,3
三居,3
三楼两室,3
三水南里,3
三面朝阳,3
三面朝阳户型,3
不临街不把边,3
不临街急售,3
不是顶楼,3
世嘉花苑,3
业主急售好房,3
业主挥泪卖,3
业主换房,3
业主着急出售,3
业主着急用,3
业主诚心卖,3
业主诚意置换,3
东丽区新立街民和巷花园3室2厅,3
东升里(北辰),3
东江南里,3
东边户,3
两室偏单,3
两室南北通透双阳台,3
两室精装,3
两居,3
两居室,3
两居通透,3
两梯三户急售光明片,3
两梯两户,3
中,3
中交春风海,3
中交樾公馆,3
中交海河公馆,3
中储城邦文潼花园,3
中北镇次新小区精装三室,3
中央空调,3
中富力尚悦居,3
中层,3
中山宾水北里,3
中新生态城中部,3
中楼层通透两室,3
中海公园城丽湖苑(别墅),3
中海公园城叠拼别墅,3
中海公园城尚湖苑,3
中海公园城秀湖苑,3
中海南开郡,3
中经纬二期85万新装修出门,3
中铁诺德名苑,3
中间楼层89万两室明厅明厕,3
中高层采光好,3
临地铁随时看,3
临近万达,3
丹东里,3
二PIAN,3
二中心片,3
二片,3
五一阳光锦园,3
五中心,3
五千代办手拉手业务天华里中间楼层大两居可改三居,3
交通教育医疗资源富集,3
亨通花园西区,3
价位可以谈,3
价格低,3
价格靠谱,3
价能谈,3
众美青城精装修房3室,3
位置好有露台,3
位置安静,3
低,3
低价出租,3
低价合适,3
低市场价,3
依丽园两室,3
保利金融街诺丁山,3
全和园,3
全明H户型,3
全明南北通透带餐厅,3
全明婚房2居室,3
全明通透,3
全阳两居,3
八中十四小,3
八中新湾花园南区,3
公园里电梯洋房115平3室117万边户边户价格可议拎包入住,3
六中十,3
六力学院,3
出售翡翠湾景园两室一厅一卫简单装修32万可议,3
出售雍盛电梯两室精装一套70万可议,3
出房率高,3
出门,3
出门是,3
刚刚,3
刚需,3
前后无遮挡,3
前排可看紫云公园,3
北房,3
十八局东区,3
十小五中,3
华东师范,3
华亭丽园,3
华润橡树湾香润轩,3
南北朝向,3
南北通透3居,3
南北通透两居室,3
南北通透全明,3
南北通透全明户型,3
南北通透小三居,3
南向,3
南开中,3
卫安北里,3
双厅急售,3
双地铁环伺,3
双威悦馨苑,3
双威悦馨苑全阳两室过五年,3
双威悦馨苑核心美宅,3
只有契税,3
只跑一趟,3
可以圈院子,3
可以装修成两室,3
可公益贷,3
可改两室,3
可聊,3
合景泰富悦府,3
合景领峰领峰园,3
合适只售128.00万元,3
名居花园,3
后一套,3
后广场,3
向荣里,3
吾悦华府,3
吾悦广场对面,3
周边商圈成,3
和苑绵和园,3
哈兰庄园,3
哈尔滨道小区,3
唐望府,3
唐雅苑前排小高,3
商品房户型,3
嘉陵道,3
地铁5号线,3
地铁五号线,3
城际小镇旁,3
城际高铁,3
墅区洋房,3
大一室精装,3
大一居,3
大三室,3
大三居,3
大光明,3
大园新居,3
大地六期两室,3
大寺,3
天娇里,3
天津站,3
央企开发,3
奋斗始于忧患适合的房子在于一个懂你的经纪人,3
奥园高端社区,3
奥莱城,3
好出租,3
好户型,3
婚房精装修,3
婚房装修正荣润Z湾,3
婚房装修洋房,3
学府世家精装现房没有住过,3
学湖里,3
学经纬二期,3
宝藏,3
宝龙城,3
实现舒适2房,3
实验1256中,3
客厅出台,3
客厅赠送挑空面积,3
家具家电,3
宸宜花园,3
密云里,3
富兴御园,3
富瀛洲花园,3
富顺里,3
对标宜禾南湾,3
封闭的小区管理,3
小区位置好,3
小区前排,3
小砖楼,3
小高,3
小高公摊小,3
就这一套,3
市中心,3
希望源于失望,3
带一个地,3
带储藏间,3
带子母车位,3
带电梯中间楼层,3
带电梯杨村街,3
常州道,3
干净整洁,3
幸福一生,3
幸福公园旁,3
广贤路中,3
店调价,3
开发商装修,3
御澜名邸,3
急卖价能谈,3
急卖可谈,3
急售亚泰雍阳府泉N中小紧邻杨村四中高铁站,3
急售急售,3
急售房源,3
急售观,3
急急,3
急急急雍鑫红星华府通透两居,3
性价比超高,3
恒大97平,3
恩德里,3
悦海园好楼层,3
惊爆价,3
户型,3
房88万,3
房东直售河西一pian,3
房主诚心出售,3
房子好不好实地来看,3
找我0,3
找我一g点,3
抓紧,3
抢手户型,3
报价非常合适,3
拥有完全产权,3
挥泪卖,3
振华西道2室2厅1卫95.81平方米,3
新上万科金域华府精装三室,3
新上复地全阳两居,3
新上大都会4室,3
新上河西地铁沿线文静里,3
新出精装三室,3
新华联世家,3
新城悦隽风华滨斓苑,3
新星,3
新村浙江路片,3
新梅江南,3
新港街新出好房,3
新装修没怎么住过,3
新降价14万,3
方便看,3
旭辉三期精装两室,3
旭辉御府精装三室,3
旭辉香郡,3
明卫,3
春泽苑,3
春风海,3
晨阳里,3
景汇名园,3
景瑞塘沽湾陆号,3
景瑞花园,3
曹子里镇,3
有一个车位,3
朗诗中福翡翠澜湾朗润园152.0平220万4室2厅2卫,3
木色包,3
李七庄低总价电梯两室,3
杨村一中,3
桥北新区,3
楼前花园,3
楼层老少皆宜,3
欣中苑两室户型,3
欣丰苑,3
正规一室好转手,3
武清70年产权,3
毗邻一小,3
毛坯,3
水木八区新上三楼金角H户型,3
没住过,3
河东,3
河东区春华街华光里2室1厅,3
河北区,3
河西3片,3
河西3片宽福里72平南北通透两室不临街采光好业主急售,3
河西一PIAN,3
河西三片九江里,3
河西区挂甲寺街景兴西里1室1厅,3
河西户,3
泽信金汇湾儒香园,3
泽惠园,3
洋房中间楼层,3
洋房好楼楼层,3
洛卡小镇,3
津南新城合力园,3
津南新城合安园,3
海d,3
海光寺,3
海川园,3
海河教育园区,3
海滨园,3
海逸长洲恋海园,3
海雅园二楼三室,3
海馨园,3
淮盛园,3
淮祥园,3
清水毛坯,3
渤海石油街,3
温馨3室,3
满5,3
滨海城区,3
滨海智谛山,3
滨海西站,3
滨瑞花园,3
澄澜,3
点击一次,3
热销,3
热门推荐房,3
煦和湾,3
熙景园,3
爱情花园里熙悦北苑,3
特别特别新,3
玉兰苑,3
王顶堤,3
现房好楼层,3
珑著,3
珠海里,3
瑞达里,3
Z苑,3
甄选保真,3
生态城万达对面一楼带院众美青城100.45平154万,3
生态城二社区旁红树湾通透三室带车位好楼层业主换房随时看,3
生态城北师大对门,3
生态城南开对门,3
生态城贻成学府壹号精装两室好楼层不挡光业主换房诚心出售,3
生活便利,3
生活配套齐全,3
电梯两室,3
电梯小高,3
电梯新房,3
白色系精致,3
盛世颐园,3
盛世馨园南北通透,3
盛庭名景花园,3
直降25万啦,3
省个税,3
看房方便好楼层,3
看房方便诚心出售,3
看房随时联系佳诺,3
石榴苑,3
砖楼,3
砖楼1楼可搭小院,3
碧桂园云河上院,3
碧桂园天樾,3
碧溪春园,3
社区入住率高,3
福安里,3
福汇园92.34平,3
福渔园,3
福达苑,3
离地铁近,3
私产一室,3
私产不到顶,3
私产满两年,3
空置房,3
米兰弘丽园,3
精武,3
精装三室两卫,3
精装三居,3
精装修一天没有住过,3
精装修两室,3
精装修别墅,3
精装修大两室,3
精装别墅,3
精装老证,3
精装通透3室,3
精装通透三居,3
紧邻北京96平通透两居配套齐,3
紧邻吾悦广场,3
紧邻大悦汇太合适,3
红|领世郡人才公寓,3
纯新房好楼层,3
经纬二期2室,3
翠亨村,3
翠亨花园大三室精装修交通便利,3
翠景园,3
翠景园(武清)次顶层,3
能看海河,3
自住房无租户,3
自持物业,3
自持物业随时都可以看房,3
舒适度高,3
荔城玉锦园(西区),3
荣乐园,3
荣居园,3
荷香园,3
菜市场靠谱,3
落地窗洋房,3
蒲瑞和园(西区),3
蓉锦花园,3
融创三室南北东,3
装修婚房,3
装修比图要好,3
装修的很好,3
西沽,3
观文轩,3
观澜轩,3
诗景颂苑,3
诚心出新城悦隽央著价可大议新交房小区高品质随时看房,3
诚心卖随时看,3
诚意出售可看,3
贻和花园,3
贻成学府壹号84.0平118万2室1厅1卫,3
超预期的交房标准,3
超高性价比,3
路劲太,3
边户标准层,3
迎春里(和平)36.06平220万2室1厅1卫,3
近万达,3
近地铁站,3
近城际小镇,3
近市区,3
近杨村一中,3
还能商量两室装修好出门菜市场,3
远景庄园,3
远洋城滨愉花园,3
远洋心里,3
远洋未来城思雅苑,3
远洋香奈精装通透三居,3
远翠中里,3
送车位电梯房,3
送阁楼,3
通透三居室,3
通透两居低楼层,3
通透急售,3
都市桃源,3
配套全,3
采光奈斯,3
采光武遮挡,3
重小,3
金友花园,3
金地艺境名苑,3
金德园,3
金角明厅,3
金角边户,3
金都花园,3
金都花园(武清),3
金鹏里,3
鑫苑汤泉世家东边户176平185万,3
银角户型,3
锦庐(西青),3
闻涛园,3
闽侯路校,3
阳光卡蒂尔,3
阳城皓林园,3
降,3
降价出售,3
院子超大随时看房,3
院景洋房3楼,3
随时办手续,3
随时看房交通便利,3
雅仕兰庭,3
雅静园两室,3
集体可Luo,3
集体沪来,3
集贤里,3
雍盛花苑,3
雍鑫建设,3
雍馨花园,3
雪优花园,3
静壹城,3
静湖花园(东区),3
靠谱,3
颐洋花园,3
首付18万,3
首付低,3
首创城星景苑,3
高端文明小区,3
高端物业,3
鸿坤原乡郡,3
鸿正富贵嘉园,3
龙洲道188号依湾花园,3
龙湾城广贤路中,3
龙顺园,3
电梯入户,2
100平三室,2
102可议,2
105可议,2
119可议,2
11电梯房,2
120w碧泉花园,2
120万配套齐全,2
120平米通透三居,2
12月23号登记,2
12月5号登,2
130全包价,2
138wan实验二中,2
16小,2
1楼带正式小院,2
20.00平,2
2016年新房,2
2023年年底好房推荐,2
2居次新房,2
2楼2楼红桥本,2
2楼两室,2
2楼南北通透两室,2
32万85平精装两居电梯好楼层可贷款,2
330可议,2
3室,2
3室1厅,2
3室2卫,2
3居室,2
3楼低总价,2
3楼南北户型好,2
3楼南北通透落地窗,2
410.0平米,2
49万好楼层可贷款89平精装3居,2
4中2楼,2
4层,2
4楼带阁楼,2
54.59平米,2
5中,2
5中旁,2
5十,2
5十蒲瑞和园(西区),2
5室3厅,2
5层顶跃,2
5楼,2
70年私产,2
74万安悦园H户型,2
8.8W可议,2
83.00就出红|领世郡普泰花园,2
89万可议,2
8中实用2居室好楼层,2
8小12中装修好,2
90平三室,2
95平通透,2
99平通透,2
H户型全明,2
H户型南北通透,2
LUO沪可转,2
MU送式,2
一中!,2
一套,2
一定看这套,2
一室一厅,2
一室精装修,2
一梯2户,2
一梯一户,2
一梯两户小高层,2
一楼三室,2
一楼可做超市,2
一楼带卧室,2
一楼带小院老证,2
一楼带院子,2
一楼朝南,2
一百五十八万,2
万城聚豪,2
万海华府北苑,2
万源星城BC区,2
万科仕林苑中低楼层南北通透2室,2
万科仕林苑凤凰层金角南北向2室,2
万科仕林苑好楼层精装2室,2
万科仕林苑好楼层豪华装修2室急售,2
万科华府蓝庭馨苑三室精装价,2
万科品质小区,2
万科城阅湖苑,2
万科新城,2
万科新里程家园,2
万科物业带车位,2
万科电梯房,2
万科自营,2
万科装修,2
万科西华府,2
万科西华府博华苑,2
万科金奥国际,2
万达对面美嘉园,2
万达广场,2
万达广场北侧,2
三室两卫精装,2
三室两厅一卫,2
三室二卫性价比高,2
三室朝南采光好十一中十三小红星华府,2
三室精装修拎包入住,2
三室通厅精装,2
三室通透,2
三居两卫,2
三期毛坯房,2
三楼H户型,2
三楼中间楼层,2
三甲医院对面,2
下楼地铁五六号线,2
下瓦房街,2
下Be墅前後大院子,2
不到顶,2
不到顶双阳两室,2
世纪祥和家园(滨海),2
世茂玖熙,2
业主婚房保持好,2
业主急售十一中十三小,2
业主急售福锦园,2
业主意出诚售,2
业主着急卖,2
业主置换,2
业主置换急,2
业主降价急售,2
东丽区万新街贵环花园2室2厅,2
东丽区新立街丽东苑2室1厅,2
东丽区新立街蓝庭公寓2室1厅,2
东丽区新立街雅亭苑3室1厅紧邻轻轨,2
东升里(石各庄),2
东南户型,2
东岸名仕花园,2
东新街,2
东苑,2
东西通透,2
东边户6楼,2
两室不临街采光好急售,2
两室两厅一卫,2
两室两厅两卫,2
两室好户型,2
两室急卖,2
两室户型方正,2
两室毛坯,2
两室电梯洋房,2
两室精装修,2
两室通透,2
两室通透带车位,2
两居朝南,2
两房朝南,2
中冶帝景,2
中北,2
中山门东里,2
中建城源和湾,2
中建海纳府120.0平155万3室2厅2卫,2
中建滨海壹号小区,2
中建煦和湾,2
中建Z秀,2
中建Z秀ZU苑,2
中建锦澜华庭,2
中心位置,2
中核智慧城,2
中梁石榴滨海湾紫宸澜苑,2
中福朗诗屹朗园,2
中节能远景城,2
中铁十八局集团(东区),2
中间,2
中间位置,2
中间层通透户型,2
中骏愉景城,2
中骏雍景府,2
中骏雍景府(别墅),2
中高层,2
丰达园,2
临地铁9东丽开发区,2
临地铁东丽区新立街蓝庭公寓2室1厅,2
临地铁北塘街,2
临湖,2
临近城际站,2
临近市场,2
临近西南角,2
丹凤里,2
丽德花园,2
丽泽花园(武清),2
久安里,2
买了不住好出租,2
买菜下楼就有,2
二十五.万可议,2
二室,2
二期准现房,2
二楼南北通透,2
二楼好户型采光好有钥匙随时看房,2
二楼阳面,2
云居里5楼南北两室,2
云江新苑,2
云禧郡海宁园,2
云锦世家(北区),2
五中,2
五方里,2
五福里,2
亚泰津澜,2
交易周期可谈,2
享受大空间,2
享受田园生活,2
京能雍清丽苑,2
人民医院,2
仅一套,2
今年已招生,2
今推荐,2
仕嘉花园,2
价位可谈,2
价格,2
价格可以有钥匙,2
价格可可议,2
价格可商量,2
价格可大议10,2
价格可议10W,2
价格可议12万,2
价格可议好楼层好位置,2
价格可谈有钥匙随时看,2
价格能谈.,2
价格还能谈,2
企业产,2
众美青城120.0平158万,2
优选好房,2
位置佳,2
位置出售,2
位置好光明中邻高铁,2
低于市场10万,2
低密,2
住宅,2
体育中心,2
你懂的快点来吧,2
佳美苑,2
使用45可贷款,2
使用面积200平米,2
使用面积大,2
侯台市局对面,2
保利三期汇和苑,2
保利上河雅颂(北区),2
保利拾光年中间位置三居室急售,2
保利海棠湾(别墅),2
保富国际,2
保持好,2
保持非常好急卖,2
信昌大楼1室1厅,2
倚虹东里,2
健强里两室,2
储藏室,2
光好南北通业主透急售,2
光明中学,2
光明中小,2
光明片,2
光明道3室2厅1卫91.38平方米,2
免个税,2
全南精装,2
全天可见采光,2
全天无遮挡,2
全天采光无遮挡,2
全屋定制,2
全新恒大西区精装修大三居,2
全新未住,2
全新装修,2
全新装修没住过人,2
全明三室,2
全明双阳台,2
全明大两室,2
全明格局,2
全阳,2
全阳大一室,2
全阳户型总价低,2
全阳特价两室,2
八中,2
八方观园,2
八方观园两室全阳中间楼层采光好无遮挡房子一次没住过干净,2
八方观园精装两室,2
公产平房,2
公园景观,2
兰江毛坯次新房,2
兴华里,2
兴德里3室中间楼层,2
兴海园,2
内环新开路,2
再喧嚣的城市给您一个小家,2
冠云东里,2
冶金里,2
凤栖梧桐博仕苑,2
凤栖梧桐翠谷园118.0平161万3室2厅1卫,2
凤河孔雀城98平米精装修83万,2
凯旋苑3楼,2
凯盛家园,2
出入方便,2
出售博惠苑两室一厅一卫精装修家具家电全送,2
出售塘沽区3室2厅中装修南北,2
出售尚港华府一室一厅一卫精装修家具家电全送39万可议,2
出售王庆坨水岸澜湾23.8万可议随时看房,2
出售荷花家园两室精装一套58万可议,2
出售雍盛两室毛坯带阁楼52万可议随时看房有钥匙,2
出房高,2
出门商业季景华庭,2
出门地铁,2
出门外国语学院附属小月,2
出门小外,2
出门就,2
出门就是君利菜市场,2
出门科技,2
刚需两居近,2
刚需入手好房,2
刚需小三室,2
创业总部基地城区,2
利民道旁,2
别墅,2
前光里,2
前排位置,2
力高海景房,2
功能性三居,2
包改名,2
北师大,2
北师大对门,2
北师大隔壁叠拼下叠,2
北片私产可贷款,2
北科建水岸华府,2
北辛庄大楼,2
十一十三,2
十三小十一中对面,2
十三小旁,2
华发未来荟,2
华远波士顿,2
单价8,2
单价低,2
南北向两室一厅,2
南北通透三居,2
南北通透双落地窗135万可刀,2
南北通透大三室,2
南北通透房龄新,2
南北通透看房随时中间楼层采光好位置好单价低,2
南北通透紧邻地铁,2
南向两居急售,2
南向采光好古林街,2
南向采光好汊沽港镇,2
南大,2
南开中芯私产一室带厅,2
南开五马路大一室,2
南开区,2
南开区北片,2
南开区嘉陵道街罗江东里2室1厅,2
南开区广开街卫安南里1室1厅,2
南朝向,2
南湖,2
南湖中学,2
南益名悦华庭,2
南益精装三室,2
南站万科降价三室,2
南站星河香榭园,2
南站津门正荣府纯洋房社区现106平172w随时看房价格可以,2
南站现房,2
南运河,2
南通透三室两卫,2
博朗园,2
博盛园,2
p公庄街,2
厨卫全明,2
去哪哪都方便,2
双街新家园,2
双阳两室价格可议采光充足,2
双阳居室,2
另有阁楼不算房本面积,2
可以装成三室,2
可做1居,2
可改三室,2
可改三室房型,2
可洛,2
可络可移11中,2
可观湖景,2
可议急售,2
可议汇福华庭,2
可谈价格,2
合力园,2
合居园,2
合景领世园,2
合茂园,2
合适一套,2
吉宁里,2
名仕达花园满五年高,2
名都新园,2
向阳路街,2
周变配套齐全,2
周边商圈成熟,2
和平一劝业场,2
和平区二十,2
和平实验,2
和平里南区(武清),2
和悦花园2居中间楼层价,2
和泰园,2
和苑小区雅和园,2
和谐园,2
咸阳北里,2
咸阳路,2
品澜花苑,2
品牌家居,2
品质小区急售,2
哈兰庄园大别墅,2
哈兰精装修三居室,2
哈密道,2
唐口,2
商品房不临街急售,2
商品房城市界面新,2
商品院,2
嘉安园精装两室,2
四十七万可议,2
四楼,2
园,2
国美电器,2
国风锦塘,2
土城片,2
地下车位,2
地铁56号线,2
地铁旁两室两厅,2
地铁旁次新小区,2
地铁沿线,2
地铁站,2
地铁线,2
城区好地段,2
基本全新,2
塘沽新村街,2
增号楼,2
外跨楼梯,2
多手慢则无,2
大一室,2
大唐盛世唐晟雅苑,2
大地六期枫桦园精装两室,2
大地十二城,2
大客厅,2
大开间,2
大港振业里新楼2楼大三室,2
大都会,2
天一绿海揽翠园,2
天华园,2
天和,2
天和丽园好楼层,2
天塔街宾水里,2
天大新园村,2
天宝福苑,2
天山里,2
天房二期次新房,2
天房四季,2
天房天拖,2
天房Z悦府,2
天房美棠美塘佳苑,2
天汇中心两室,2
天津站后广场,2
天辰公寓,2
天骄公寓,2
奥体南,2
奥林匹克花园橄榄苑,2
好房急售,2
好楼层南向,2
好楼层好位置出门万达广场业主一次未住,2
好楼层楼位,2
好楼层精装修,2
好楼层精装修满五,2
好楼层老证,2
好楼层近地铁观运河,2
好装修,2
婚房两居,2
婚房全明两室,2
孔雀城,2
季景天地商业,2
学府壹号,2
宁桥里,2
它就是经典,2
宇泰家园,2
定居武清翡翠半岛馨园,2
宜兴埠,2
宜禾溪岸,2
宝德云湾塘沽C位,2
实用面积大,2
实际3室2厅2卫,2
实验!,2
客厅出阳台,2
客厅进深长,2
宣惠园,2
室,2
宫前园,2
家兴里高楼层86.5万,2
家具家电全留,2
家具家电全给,2
家具家电可留,2
家泰里精装一室一厅随时可以看房50万可议,2
宸欣家园,2
宽厅两室,2
宽厅好用,2
宾水东里,2
密云路2室1厅1卫45.63平方米,2
密度低石各庄镇,2
富力又一城,2
富力尚悦家园精装2室可络可移好位置随时看房,2
富力桃园天富园,2
富力湾双阳两室,2
富锦华庭,2
对面,2
小三居精装,2
小二楼,2
小区中心,2
小区中间位置业主诚售,2
小区中间位置无遮挡,2
小区楼龄新,2
小外,2
小海地,2
小砖楼老少皆宜,2
小高三室,2
尚港华府,2
就行,2
屋内可搭二层,2
山西路小区,2
工农村,2
巨福园,2
市内户,2
师大,2
师范附属,2
带200平米小院,2
带一个,2
带卫生间,2
带地,2
带基础装修,2
带大院,2
带洗碗机电动马桶,2
带电梯下朱庄街房东急置换,2
带装修两句低总价,2
带阳台,2
带阳台带车位,2
带阳台落地窗,2
带露台,2
干湿分离,2
平安里,2
平迁,2
幸福里次新房,2
广贤路,2
广贤路1室2厅1卫79平方米,2
店长力荐,2
廊良公路3室2厅1卫122.38平方米,2
建安里,2
建新公寓(津南),2
开发区,2
开发商精装修3室,2
徐州里中间楼层,2
御景园,2
御溪园,2
心,2
怡园里H户型,2
急卖价可谈,2
急卖河西一P,2
急售万科新城银角一跃二经典跃层南北通透随时看房,2
急售两室,2
急售云锦洋房,2
急售价格可议!经纬学府华庭11中13小一中商务区,2
急售保利,2
急售急售金地洋房起步小三居,2
急售河怡一期,2
急售经纬学府华庭十一中十三小紧邻杨村一中高铁站,2
急商务区,2
急用,2
急经纬业主怒降20万,2
急议,2
性价比很高,2
总价低诚心卖,2
总价合适,2
恒大名都花园,2
恒大山水城(东区别墅),2
恒大山水城(西区),2
恒大绿洲精装三室,2
恒山里,2
悦光年,2
悦公馆,2
悦兰台,2
悦湖苑前排,2
惠众家园一室,2
惠风溪公园,2
成发馨苑中层,2
成熟商业街,2
户型佳,2
户型全明,2
户型好用,2
户型好私产可贷款,2
户型很好,2
户型方正采光好随时看房,2
房东急卖,2
房东诚意出售,2
房主急售价格可议,2
房主诚售价格可议,2
房主诚心卖,2
房主诚心卖随时看房,2
房型正气,2
找我省,2
拎包入住房主急售,2
拎包入住有钥匙,2
拎包入住看房方便,2
拒绝虚,2
振业,2
改善3室2卫,2
改善三室,2
改善三居,2
改善三居室,2
改善盘,2
文华,2
文德花园,2
新上三楼明厅把边两室H户型有钥匙,2
新上南北通透三居室,2
新上洋房,2
新上置换房,2
新交房小区,2
新出三室洋房,2
新出两室,2
新出房源,2
新出阳面一室,2
新城家园,2
新城小区,2
新城悦隽公元94平米三室精装,2
新小区带电梯,2
新悦庭独栋别墅,2
新村明珠花园,2
新楼,2
新河街,2
新科园,2
新装修,2
新里程花园,2
新颜西里,2
旅游区精装三室,2
无底商,2
旭辉3期,2
旭辉不临高铁,2
时代名居(滨海),2
昆仑里,2
明厅采光好,2
星河传奇新房,2
星河苑,2
星河荣御,2
春江郦城,2
春熙书院90平米精装2室128万可议,2
晓春里,2
晨晖里,2
晨晖里二楼两室南北通透位置好看房方便,2
景杉园,2
景瑞塘沽湾壹号,2
景瑞壹号,2
景瑞誉Z天地,2
景考城区内,2
暖气好,2
暖香里,2
更多房源随时联系,2
有地下车位,2
有大露台,2
有本可贷款,2
有电提,2
有电梯高楼层视野好,2
有租户,2
有菜市场有地铁,2
有装修,2
有钥匙随时方便看房,2
有钥匙随时看价可议,2
朝南两室,2
朝南天穆,2
朝南汊沽港镇居家自住,2
木秀园,2
未住,2
未来趋势,2
本人维护,2
李七庄电梯洋房,2
李七庄街,2
松江城南北通透H户型,2
林海路,2
枫丹必看房源,2
枫桦园,2
标准楼层采光棒棒哒,2
栖仙温泉公寓中区,2
校,2
格兰苑,2
桂江里(滨海),2
梅宏园大园,2
梅江富力津门湖云舒花园通透3室有车位临地铁带电梯,2
梅江津门湖,2
梅诺卡小镇,2
梧桐,2
楼下十中跟东城,2
楼下就是体育公园,2
楼位置好,2
楼层低,2
楼层好视野好,2
楼层好视野开阔,2
楼层明厨明卫,2
模范片精装110万可议,2
次新小区经典两居室,2
次新房带电体,2
次新房带电梯,2
次新电梯房,2
次顶层楼前无遮挡,2
欢迎致电,2
欣嘉园,2
欣雅苑,2
欣雅苑两室简单装修闭眼入,2
欣雅苑位置,2
正南好户型一居,2
正南朝向3层,2
正南朝向送阁楼,2
正常楼层,2
正荣,2
正规小2室南,2
此房通透,2
武清区,2
武清城区,2
武清城际,2
毓园,2
水木八区,2
水木天成新上二楼好户型明厅南北通透采光哈,2
水木天成翠杨园,2
水木天成闻涛园新上H户型总价低婚房有车位,2
江湾广场,2
汤泉世家两居室,2
沁河中道2室2厅1卫85.01平方米,2
没有浪费面积,2
没有遮挡采光,2
河东三片,2
河东凯旋门低楼层,2
河东区中山门街中山门东里2室1厅,2
河东区中山门街和睦北里2室1厅,2
河东区二号桥明家庄园2楼精装全屋定制,2
河东区凯旋门低楼层两室,2
河东区大王庄街长城公寓2室1厅,2
河东区次新房紧邻地铁站公交站出行方便,2
河东融科瀚棠,2
河北区鸿顺里街染化楼2楼,2
河怡一期,2
河怡一期新上H户型,2
河怡花园,2
河西3,2
河西3片南海里私产精装修南北通透不临街,2
河西三,2
河西三片惠众家园,2
河西二片,2
河西全运村,2
河西务镇,2
河西区天塔街天资里1室1厅,2
河西区天塔街天资里2室1厅,2
河西区天塔街气象南里1室1厅,2
河西区天塔街气象南里2室1厅,2
河西区成交量,2
河西区挂甲寺街重华南里1室1厅,2
河西文静里,2
河西湘江道,2
河西玉峰花园,2
河西珠江里,2
泉,2
泉鑫佳苑(东区),2
泗村店镇汤泉世家别墅,2
泰合府,2
泰达汉郡,2
泾水园,2
洋房三室顶楼带阁楼,2
洋房合适的,2
洋房现房,2
洋房社区,2
津南^八里台,2
津南新城合雅园,2
津来花园,2
津门熙湖138平好楼层,2
洪湖里地铁对面,2
浅水湾二室楼层低采光好无遮挡业主诚意出售,2
海和教育园,2
海宁园别墅,2
海怡园,2
海教园仁恒品质小区,2
海景一览无余,2
海景房,2
海榕园电梯洋房,2
海河英才,2
海河英才计租35.58平,2
海花园,2
海邻园,2
涌进1,2
涌金1,2
涪江北里,2
温馨2居室,2
温馨三室,2
港星里,2
港福新苑,2
湘江道片,2
满五汊沽港镇,2
满五省个税,2
满五精武,2
滨海红星天铂晗园100.0平134万3室2厅1卫,2
漏,2
澄澜观,2
瀚波园,2
点,2
焕景园,2
熙悦汇,2
燕云别墅,2
燕南园,2
物业好,2
物业服务好小区绿化高业主诚心卖,2
物业管理好,2
独立一居室,2
独立下水,2
独立厨卫,2
独立客厅,2
独立餐厅,2
玄关赠送,2
玉峰花园,2
玉泉北里,2
玉翠园,2
玉锦园3室2厅简单装修,2
环内精装两室带车位,2
环江里,2
环湖东里,2
现房高层,2
班芙小镇枫慧园,2
班车接送,2
瑞江花园竹苑,2
生态城北师大旁,2
生态城和溪园精装两室,2
生态城旅游区,2
电梯8楼,2
电梯三室两厅一卫,2
电梯三居室,2
电梯入户房主诚心出售,2
电梯商品房,2
电梯好楼层,2
电梯房下朱庄街,2
电梯洋房大3居,2
电梯洋房好位置,2
电梯洋房好楼层,2
百亿补贴,2
百壹,2
的房源,2
的楼栋,2
盛世华庭(静海),2
盛世家园(别墅),2
盛和嘉园,2
盛星东海岸精装修2室东西全留诚心出售有,2
盛达园,2
直对通风,2
直接入住,2
直通地库,2
直降20万,2
直降20万啦,2
直降40万,2
省去装修,2
看房,2
看房提前联系,2
看房随时拎包入住房,2
看房预约,2
真.实,2
真实在售,2
真心出售,2
真诚出售,2
睦华里,2
瞰景园中间楼层,2
碧桂园云湖,2
碧桂园听湖(别墅),2
碧桂园滨海城精装修装3室2厅诚心出售,2
碧海鸿庭,2
碧龙园,2
神器,2
祥和家园,2
祥和家园两室金角可看全景海河有钥匙随时看一二五六中,2
福居园,2
福汇园,2
福泽园(滨海),2
福泽园一中门口,2
福泽园落地窗,2
福源花园,2
私产可货款,2
私产急卖,2
私产满5年,2
私产满二精装修南北通透,2
私产能贷款,2
私产过五,2
秋实园,2
秋水苑,2
租金高,2
积30,2
程林街,2
税低,2
端社区落地飘窗环境好诚意出售,2
米兰阳光,2
精装3室2厅2卫,2
精装一室,2
精装三室带家电,2
精装从未住人,2
精装保持好,2
精装俩室122万紧邻南开,2
精装修3居,2
精装修三楼,2
精装修两室朝南,2
精装修中间楼层,2
精装修南北通透三室两卫,2
精装修南北通透两室,2
精装修大两居,2
精装修随时看房交通便利,2
精装大三室,2
精装大两室,2
精装大两居,2
精装未住,2
精装洋房3室,2
精装紧邻高铁小镇,2
精装车位,2
精装送车位,2
精装通透2居,2
精装通透3居,2
精选,2
素质住户,2
紧临十一中,2
紧挨12中8小,2
紧挨高铁,2
紧邻一中十一中城际,2
紧邻中医附属,2
紧邻公交地铁站,2
紧邻北京,2
紧邻北师大,2
紧邻十三小十一中,2
紧邻吾悦,2
紧邻地铁站,2
紧邻地铁站儿童医院,2
紧邻城际,2
紧邻家乐五店,2
紧邻星光汇,2
紧邻步行街,2
紧邻武清高铁站,2
紧邻滨海一中,2
紧邻英华,2
紫来花园,2
紫罗园,2
紫荆花园,2
红星天铂电梯洋房,2
红桥区邵公庄街千禧园东院2室1厅,2
红桥房本红桥一片,2
纯新房,2
纯新次新房,2
经典H户型,2
经纬一期精装一居,2
经纬二期精装4室2卫家具家电齐全,2
经纬华清家园,2
经纬海榕园,2
结合所有优点,2
给价就聊,2
绿化高,2
绿地新里天澜,2
绿城春熙明月,2
美丽心殿,2
美域豪庭洋房两室,2
美景园,2
美逸园,2
翠亨花园,2
翠景园(西青),2
翰林公馆,2
老华利里次顶层,2
老空无,2
老证位置好,2
老证可贷款,2
联排中户地,2
联系,2
聚雅园,2
聚雅园131平大三居,2
育梁里,2
胜利里,2
胡家园,2
能买三居不买两居,2
能贷款,2
芦花庄园一期,2
花郡家园,2
芳,2
英伦花园107平米50万,2
草场街小区,2
荔城,2
荣业园,2
荣康园,2
荣翠园,2
荷塘悦色,2
莱茵小镇美林苑,2
莱茵小镇美轩苑,2
菊,2
落地窗设计采光好,2
落房优选,2
蒲瑞祥园中区,2
蒲瑞馨园,2
蓝湖郡72万可议,2
虎林里,2
蝶桥公寓,2
融信津南府,2
融创城,2
融创臻园三室,2
融景华庭,2
融科瀚棠泰怡园(滨海),2
装修,2
装修保持不错,2
装修好随时看,2
装修简洁干净,2
裕川家园,2
裕泰家园,2
裕达花园,2
西南向两室,2
西南朝向,2
西园,2
西园西里,2
观景房,2
规规矩矩小三室,2
视野好适合自住,2
视野广阔,2
视野采光好,2
诚售好商量,2
诚意卖房,2
豪华装修,2
贻和花园楼出售,2
贻港城洋房,2
贻芳嘉园,2
贻静园,2
赏湖苑,2
赠入户面积,2
赠送地下车位,2
赠送大院,2
赠送露台,2
赠阁楼,2
赠露台,2
超大落地窗,2
超市齐全,2
跃层,2
躲避所有,2
转楼给价就可以谈,2
轻轨站近,2
辛庄,2
边户三室两厅一卫,2
过五,2
过五年少税,2
过五年无二套,2
近儿童和代谢病,2
近公交车站,2
近北京,2
近医院商场,2
近城际站小镇,2
这周必卖好房,2
远洋城滨瑞花园,2
远洋城滨翔花园,2
连方推荐,2
送装修送车位,2
送阁楼花园车位!,2
适合年轻人,2
适合陪,2
通厅,2
通透,2
通透3室,2
通透三室税费少,2
通透三居近城际小镇中央湖,2
通透两室107万可议,2
通透两居室,2
通透俩室,2
通透全明,2
通透全明2居室,2
通透全明小3居,2
通透大两居,2
速来咨询,2
速销八小,2
遵义里,2
邻北京,2
配套好,2
采光,2
采光不挡,2
采光好全明户型,2
采光好无遮挡,2
采光无遮挡非常好,2
采光棒极了,2
采光视野无遮挡,2
采光视野都很好,2
重光东里,2
金丰公寓,2
金侨新梅江壹号清湖花园,2
金厦新都静溪园,2
金厦水语花城花溪苑,2
金地艺城华府北润华庭,2
金地艺墅家溪锦苑,2
金山里出售,2
金悦府,2
金海云城芯云园,2
金海城,2
金联公寓,2
金茂科学城,2
金融街金悦府(西青),2
金角户型,2
金角边户可观湖景,2
金辉优步湖畔,2
金隅悦城,2
金隅满堂,2
金隅金成府,2
鑫海东苑,2
鑫苑汤泉世家南区(别墅),2
钥匙随时看,2
铁角,2
锦绣大家,2
长虹街,2
长达公寓一楼两室,2
门口D铁8号线,2
闽侯路3号6楼直管公产房随时可看房,2
闽侯路片,2
阁楼,2
阁楼有窗户,2
阳光100国际新城西园,2
阳面中户一居室,2
阳面直观湖,2
阿亚拉雅境装修好,2
附赠地下车位,2
隆泰家园47万可议,2
随时可办手续,2
随时看可议,2
随时看房河东区次新房有电梯龙峰馨园周边配套齐全价格可议,2
随时过户,2
雅云里,2
雅阳家园,2
雅静园,2
集体户可平迁,2
集体能用,2
雍华园,2
雍鑫花园,2
青水家园,2
靓东花园电梯房,2
靖江路,2
靖江路街,2
靖辰公寓,2
非顶楼层采光充足,2
非顶楼电梯房,2
非顶楼通透两室,2
靠谱卖,2
靠近地铁,2
靠近地铁站,2
面积足,2
顶楼带阁楼,2
顶跃两室,2
顶跃送阁楼,2
顺驰城市艺墅,2
预算有限的必看三室,2
领世郡达观一期洋房,2
领秀城精装两室洋房三层,2
颐滨花园,2
首创城明景苑,2
首创悦山郡,2
香榭园精装三室,2
香江小镇,2
香江广场,2
香海园3室精装修123平带电梯155万可议,2
香缇花园小高层精装三居,2
香逸园,2
香锦园,2
香锦园好楼层,2
馨园睿园中间楼层,2
高品质,2
高楼层大两居,2
高王路2室1厅1卫96平方米,2
高质量房型满五,2
高铁旁,2
鲁山道,2
鲲玉园精装修,2
鲲贝园,2
鸿儒新园(北区),2
鸿德里,2
齐专卖雅仕,2
龙峰嘉园,2
龙津园,2
龙湖,2
龙湖春江天玺,2
龙湖春江郦城,2
龙湖物业,2
龙瀚南园,2
随时看,1
(新上架),1
000欣然苑,1
03不对电梯,1
0平155万3室2厅2卫,1
104W可议,1
109.77平大两室,1
115万业主着急出手,1
11中13小品质小区好楼层交通便利临近城,1
11层到顶,1
11月本人看过,1
125万太合适了,1
126.12平米,1
127平三居双卫,1
12中高铁对面翠亨花园北里,1
12客厅,1
12月16日登记,1
135.98平三室通厅明厕,1
135万豪装哈兰庄园联排别墅,1
137万急售,1
139.8W光明,1
13小11中,1
140万可议,1
150万可议低楼层,1
155w送车位,1
15楼,1
175平170w别墅,1
185万南北三室,1
185万家具家电全送,1
195万可议3室送储间,1
1楼不临街不把边,1
1楼带小院两室,1
1楼精装小一室,1
2000年商品房,1
2010年电梯房,1
2021年新小区,1
20X就能卖,1
23W!毛坯,1
28W房主急售,1
290万大边户别墅,1
29万可议买70年大产权南北通透上下150平米可做四室哟,1
29万可议阳光花园带装修好楼层,1
2个卫生间,1
2厅,1
2室1商业配套齐全,1
2室中间楼层,1
2室中间楼层采光好,1
2房1厅1卫,1
2手房下叠送挑空,1
2楼南北集体户可平迁,1
2楼双阳两室,1
34X万老梅江观湖三室套内LOFT观景厅挑空七米随时看,1
35万可议格兰庭苑好楼层大两居室,1
38.02平米,1
39.23平米,1
390万可议,1
3室1厅2卫108平方米,1
3室2卫118万可议送储间全阳户型,1
3室2厅1卫110平方米,1
3室3卫,1
3室砖楼,1
3层南北通透客厅带窗,1
3居,1
3楼3室带地下室108平,1
3楼看宝翠就是这套先看房在谈价满五,1
42W可议,1
43万可议电梯洋房带装修大两居室,1
44万可议大两室精装修送储藏室家具家电全送看房方便,1
4室3卫,1
4室双卫,1
4楼急售议,1
50W装修标准,1
50万可议,1
56万两居,1
56万可议,1
58.39平,1
5室2厅,1
5楼南北通透一室,1
60W随时看房,1
62W可议,1
63万中装,1
645万独栋,1
69万精装两居,1
6层到顶,1
6楼采光视野好,1
70年产权孩子,1
70年产权清晰纯地,1
70年大产权,1
72平125万,1
75万可议,1
7天下本,1
7天拿本,1
7层到顶的洋房,1
80三室精装,1
82万可议,1
83平,1
84.44平诚意出售,1
89平中间楼层,1
89平才67万,1
8中精装舒适大三居,1
90w急售可议价禾和湾2楼两室紧邻二中无个税,1
90平大两居边户,1
95万精装三居,1
9层到顶的电梯洋房,1
A杭州道,1
D铁6号线旁边新尚园,1
D铁站,1
H南北通透户型,1
H户型商品住宅,1
L王千米观湖大平层电梯洋房,1
SF十个出头,1
SY片,1
Z委大院房,1
Z房源,1
chai牵,1
一P向荣里,1
一个月不重样,1
一中,1
一中一小二部,1
一切皆有可能,1
一区2室1厅1卫,1
一大街,1
一套周边配套成熟,1
一室带装修,1
一室房离,1
一室拎包住,1
一小旁,1
一层带卧室,1
一层带老人房好位置前后带花园价格可议,1
一居精装好楼层,1
一手房手续,1
一手手续,1
一手无尾款,1
一期,1
一梯两户洋房,1
一梯二户,1
一楼一楼南北通透万达新城三期两室H户型一楼急售,1
一楼东西有院,1
一楼带前后院,1
一楼带小院和地下室,1
一楼带院三居室,1
一楼带院带地下室,1
一楼赠送前后小院,1
一楼金角,1
一次未住过,1
一次没住着急卖,1
一片湘江道,1
一百二十五万就卖,1
A实验,1
万和府,1
万科,1
万科一期维护好通透两居,1
万科三室,1
万科三居洋房,1
万科东第电梯洋房190平平层别墅品质好房,1
万科云山,1
万科仕林苑,1
万科依润园小区,1
万科品质,1
万科四季花城文博园,1
万科城安湖园,1
万科大都会,1
万科新城凌霄苑,1
万科新城紫荆苑,1
万科新城联排别墅,1
万科民和巷,1
万科水晶城依云园,1
万科滨海大都会观景轩,1
万科滨海大都会观涛苑,1
万科精装修三室全新白色系未住过,1
万科精装现房洋房,1
万科翡翠大道,1
万科观澜精装修3室,1
万科雅园,1
万达广场后身,1
万达旁落地窗,1
万通新新逸装修花40万双车位家具家电送,1
万隆桃香园,1
万隆花园,1
三十六W可议,1
三号线一路之隔,1
三大街,1
三室一厅,1
三室两厅两卫,1
三室双卫高楼层视野好,1
三室好楼层,1
三室洋房,1
三室满五,1
三室通厅,1
三室通厅户型,1
三室通透精装,1
三层,1
三层英伦风格,1
三居只要110万,1
三期,1
三楼采光好,1
三水南里中三阳开泰两室户型,1
三水道片,1
三潭东里,1
三潭西里,1
三片次新房,1
三米宽厅,1
三阳开泰,1
三阳开泰户型,1
三阳开泰格局,1
三面朝阳带阳台,1
下朱庄,1
下楼土城地铁,1
不到200万买碧桂园听湖别墅,1
不到顶H户型,1
不把山,1
不是后一排楼,1
不是顶层,1
不看报价,1
不靠快速,1
世春里一楼两室,1
世纪大道,1
世纪花园,1
世茂国风雅颂次顶层,1
世贸玖熙,1
业主买完新房,1
业主低价急卖,1
业主出国,1
业主出国急售,1
业主刚调价格,1
业主又添新装修,1
业主忍痛割爱,1
业主急售地铁钥匙在手随时可看,1
业主急售海清园精装修两室低楼层适合老人居住,1
业主急置换,1
业主换房大港福欣园通厅标准H户型96平两室紧邻商圈,1
业主自住,1
业主诚信出售,1
业主诚卖,1
业主诚售随时看近地铁菜市场,1
业主诚心卖随时看房,1
业主诚意售,1
业主送车位,1
业主降价急售新城悦隽央著三居,1
业主降价急售经纬学知华庭三居,1
业主降价急售送20万精装,1
东丽区东丽湖慕湖苑2室2厅,1
东丽区东丽湖赏湖苑3室2厅,1
东丽区张贵庄街泰安里3室1厅,1
东丽区新立街格兰苑2室1厅,1
东丽区新立街蓝庭轩2室1厅复式带装修近地铁,1
东丽区新立街蓝庭馨苑3室1厅,1
东丽湖万科城揽城苑,1
东丽湖万科城月映苑,1
东丽湖万科城赏溪苑,1
东丽湖慕湖苑,1
东丽湖美式小别墅,1
东北角艺术公寓,1
东园,1
东城商圈中心,1
东户采光好,1
东方名居,1
东方家园2室1厅1卫88平方米,1
东昊骏景,1
东海岸,1
东科学城,1
东部海川园电梯洋房提包入住,1
两个卧室都朝南,1
两个车位,1
两室3楼,1
两室80真的太合适了新景园紧邻地铁站,1
两室H房型,1
两室一厅性价比超高,1
两室一厅有钥匙.急卖,1
两室两卫,1
两室两厅,1
两室夹厅,1
两室夹厅户型,1
两室婚房,1
两室干净,1
两室朝南带电梯,1
两室没住过人婚房,1
两室精装修南北通透,1
两室购物方便,1
两室送装修,1
两室通厅明厕93.83平,1
两层,1
两居便宜,1
两居室二十多W送装修,1
两居精装,1
两梯三户,1
两梯五户,1
中交毛坯110平米125万看房方便,1
中交金梧桐公馆,1
中储现房,1
中北祥云,1
中嘉花园秋水苑鸟语花香新上三楼急售好房明厅,1
中国塘精装修两室,1
中央公园,1
中层三室,1
中层两室两厅一卫,1
中层大一室,1
中建城崇和湾,1
中建城澜和湾,1
中建壹方九里.好地段,1
中建壹方九里赠送10万装修三居好楼层,1
中建洋房,1
中建海纳府120,1
中建海纳府128.0平187万3室2厅2卫,1
中心北里,1
中心小W,1
中户,1
中户别墅,1
中新天津生态城,1
中核,1
中海公园城丽湖苑,1
中海公园城悦湖苑,1
中海公园城澜湖苑,1
中海别墅,1
中海南开郡精装修两室,1
中海国际公园城鸣湖苑叠拼别墅前后100平米大院,1
中海金湖湾,1
中片,1
中独户型,1
中环旁,1
中环旁仁爱花园对面安静小区,1
中石油桥旁,1
中福朗诗,1
中秋,1
中营片两室,1
中部区双威精装修3室出售,1
中铁三期,1
中间3楼,1
中间8楼,1
中间层两居,1
中间层保持好,1
中间层视野棒随时看房,1
中间楼,1
中间楼层4室,1
中间楼层60W南北通透两居室,1
中间楼层两室南北通透精装,1
中间楼层南北通透,1
中间楼层的,1
中间楼层送所有11中,1
中骏宸景湾,1
中骏柏景湾,1
中骏皓景湾,1
临二中,1
临医院,1
临幸福公园,1
临渭家园,1
临街地铁,1
临近刘园地铁站,1
临近四中,1
临近地铁9号线,1
临近西站,1
临高铁,1
为父母省下15万血汗,1
主卧带飘窗,1
丽东苑,1
丽悦园,1
丽景胜和园,1
丽泽,1
乌江里,1
乐东馨园,1
九州国际精装三室低总价,1
书苑里,1
买一层赠一层,1
买了直接住,1
买来就用,1
买菜很方便,1
二中四小,1
二中心1256中,1
二十五万可议,1
二十多W,1
二室精装,1
二师,1
二期H户型,1
二楼一室,1
二楼三室,1
二楼全阳,1
二楼带60平米院子,1
二百w,1
于家堡旭辉滨海江来,1
云栖苑,1
云锦4期,1
云锦一期洋房,1
云锦四期,1
云锦观锦园,1
云门,1
互助道2楼通透两居,1
五一阳光,1
五中周边,1
五大街,1
五楼三室,1
五矿榕园,1
五马路小W,1
亚泰澜公馆,1
交,1
交房状态,1
交通便利仅临商场,1
交通便利配套完善,1
交通便捷配套齐全理想中的房子,1
交通教育医疗富集,1
交通方便生活配套齐全,1
亨通急售,1
亨通花园,1
京基X墅三期揽景轩联排中户,1
京港国际城,1
人民公园,1
人气旺,1
人见人爱的南北通透3居室,1
人车分流高绿化,1
亿儒园三居双卫,1
亿利亿嘉园,1
什么都好说,1
仁和园(津南),1
仁居锦园,1
仁恒公园,1
仁恒海河广场,1
仁恒滨河湾南北两居室,1
仅售140万,1
仅售60,1
仅需40万起,1
今日家园,1
从未住过人,1
仕名公寓,1
付,1
仰润轩全阳两室房子好,1
价位可议目送模范,1
价位更合适,1
价位能谈,1
价低,1
价低急售,1
价好谈,1
价格五十以下,1
价格代表诚意,1
价格你说了算,1
价格便宜,1
价格保真,1
价格刀,1
价格可以,1
价格可以大谈,1
价格可大议15w,1
价格可议有钥匙,1
价格可议有钥匙随时看房,1
价格可议装修保持的挺好,1
价格可议随时看房,1
价格可谈诚心卖,1
价格惊喜可谈,1
价格真便宜,1
价格美丽,1
价格能商量,1
价格还可议,1
价格还能聊,1
企业产可贷款,1
企业力荐,1
伊维萨联排别墅,1
伍仟代办,1
众泰欣苑,1
众美青城,1
优惠,1
位置好100可议,1
位置无遮挡户型好,1
位置极好,1
位置楼层好,1
位置采光好,1
低于市场20万,1
低于市场价,1
低于市场价15万,1
低于市场价30万,1
低价两室,1
低容积率,1
低密宜居杨村街,1
低密度,1
低密度洋房,1
低楼层三居室,1
低楼层中户两室,1
低楼层南北向三居室采光好,1
低楼层楼座位置好,1
体北鲁能,1
佳园南里,1
佳荣里街,1
使用300平,1
侯台花园,1
便于看房,1
便宜)橡树湾小三居,1
便宜好房,1
保利(北区),1
保利梧桐语,1
保利海花园洋房,1
保利物业次新小区,1
保利玫瑰湾三期,1
保利香颂湖三室两厅双卫好位置,1
保持不错,1
倚虹东里南北向三楼两室诚意出售价格可议,1
倚虹西里,1
值得拥有,1
假了接受投诉,1
偏单不顶,1
偏户大两室,1
停车免费,1
儒苑佳园,1
光明学府,1
光明学府电梯房,1
免涌金,1
入门房,1
全南向两居,1
全南少有户型,1
全南格局,1
全天采光诚心出售,1
全天阳光,1
全屋定制奶油风,1
全新两室,1
全新好房,1
全新家具家电,1
全明户型淮盛园大两室,1
全明户型真亮堂,1
全明通透三室,1
全明金角,1
全阳1室,1
全阳2居室,1
全阳两居室,1
全阳小三室,1
八中好房,1
八区新上H户型,1
八方观园三室带露台空中花园单价九千,1
公交站旁,1
公产7天下本,1
公产拆间,1
公产独单,1
六中开发区,1
关键是带露台有加盖急,1
兴云里,1
兴南街,1
兴姜里,1
兴安里,1
兴德里,1
兴盛里(滨海),1
内圈,1
再降10万多,1
冶金东里,1
几乎都是全新的,1
凤岐东里,1
凤岐里,1
凤河边户送车位87平米边户明厨明卫65万,1
凯旋苑3楼南北通透,1
凯旋街2室1厅1卫63.35平方米,1
凯旋门,1
出入方便紧邻,1
出售中,1
出售中浩两室,1
出售复兴嘉苑两室毛坯22万可议,1
出售港福两室精装一套,1
出售运泽花园两居,1
出售金水湾三室27万,1
出售雍盛花苑三室两厅两卫精装修家具家电全送,1
出售香锦园两室118万可议业主诚意出售,1
出行便利,1
出行方便南北通透有钥匙,1
出行方便教育资源成熟,1
出门50米就是南开,1
出门公交车站,1
出门地铁配套齐全,1
出门小外一部,1
出门就上光明,1
出门就是,1
出门菜市场,1
刚交付,1
刚刚空出,1
刚需三居,1
刚需两居杨村街,1
刚需两居青光,1
刚需改善,1
刚需海教园必看,1
利用率高,1
别划走,1
别墅区,1
别墅带车位,1
别墅的体验,1
前后带院,1
前后独立小院,1
前后院子,1
前排看海,1
前排采光好,1
前排金角,1
前无遮挡70年大产权,1
前进里,1
力高阳光海,1
力高阳光海岸欣海苑,1
动线良好,1
包车位,1
包过户,1
北岸尚城3室96.00万元难得的好户型,1
北岸尚城房子太合适了可谈,1
北岸潞园,1
北师大O内,1
北师大旁,1
北师大旁次新房,1
北师大附近,1
北师面,1
北扩区域,1
北新玉龙湾,1
北片,1
北辰区宜兴阜宜鹏园2室1厅,1
北辰区宜兴阜宸宜花园3室1厅,1
医疗配套齐,1
十一中区域,1
十一中对面,1
十一中旁,1
十一中旁经纬城市绿洲四室两卫,1
十一中杨村一中旁中建一方九里三室两卫电梯,1
十七小,1
十中三居,1
十二层,1
十八局,1
十区大院南北向大偏独业主诚意出售,1
十小五中福苑小区,1
十年前的价格,1
千禧园东院,1
千禧园繁华西青道新上少有三室一楼一楼好商量,1
半岛豪庭,1
华东师范片,1
华侨城碧桂园天境,1
华城景苑盛和嘉园,1
华富南区,1
华富家园,1
华幸小区(中区),1
华旭里,1
华明唐雅苑11层洋房,1
华明新小区,1
华明镇,1
华润中央公园,1
单价6700,1
单价7500,1
单价8000多,1
卖电梯,1
南北2室,1
南北H户型,1
南北双阳台,1
南北向3居室,1
南北向三居,1
南北户型,1
南北直通透三居,1
南北精装三室235万,1
南北精装性价比超高一套,1
南北通,1
南北通两室,1
南北通厅,1
南北通透2居室,1
南北通透4室两卫,1
南北通透一室,1
南北通透三居室73w,1
南北通透下朱庄街动静分离,1
南北通透两室出售,1
南北通透两室双阳台,1
南北通透偏独,1
南北通透四室看房方便红桥,1
南北通透带阁楼,1
南北通透带飘台,1
南北通透总价低,1
南北通透户型金角,1
南北通透无遮挡,1
南北通透滨海城区,1
南北通透电梯小高,1
南北通透电梯洋房,1
南北通透精装两室,1
南北通透诚心出售价,1
南北通透边户的三室两厅,1
南区,1
南华里,1
南华里低楼层阳面看房提前联系,1
南口龙腾花园,1
南向两居,1
南向大2室,1
南向大客厅采光一级棒,1
南向采光好杨村街,1
南向采光好青光,1
南园汀泽庭苑,1
南园汇秀庭苑,1
南开O内精装三室,1
南开中PIAN,1
南开中篇,1
南开北片业主急售临近熙悦汇大悦城人民医院精英中学私产满五年,1
南开区兴南街耀远里2室1厅,1
南开区兴南街龙凤里1室1厅,1
南开区嘉陵道街云阳西里2室1厅,1
南开区王顶堤街美丽心殿2室1厅,1
南开南,1
南开学,1
南开小雪,1
南开附属旁通透三居室,1
南益,1
南益名士华庭(一期),1
南站500米,1
南站印象城旁保利央企开发两室标准层全明户型113w随时看可谈,1
南站旁四季餐厅门口保利罗兰公馆尚兰北苑,1
南站融侨方圆次新小区115平洋房带精装修好楼层182w可议,1
南花园,1
南花园好位置价格可议,1
南通里,1
博惠苑,1
卧室带阳台18层到顶,1
卫国道59号,1
卫国道96号院,1
卫国道市政楼,1
厅大采光好,1
历史底价,1
友谊东里,1
友谊商厦对面,1
双卫三室,1
双卫咸水沽,1
双发温泉花园,1
双台,1
双商业,1
双拼,1
双落地窗135可议,1
双阳,1
双阳两室,1
双阳二室,1
双阳卧室,1
双阳台两居室,1
双阳面卧室,1
双青新家园荣康园,1
双青新家园荣翔园,1
双青精装修商品房,1
古文化街,1
只要169.00万元,1
可上11电梯房,1
可以商量,1
可以实地看,1
可以改3室,1
可以贷款,1
可变私产,1
可商量,1
可大议,1
可居住,1
可居住好出租,1
可改三,1
可看海河,1
可看湖,1
可议产权清晰,1
可议价,1
可议满五,1
右面万达地铁,1
合不合适你说了算,1
合景领峰领世园,1
合适,1
合适3室,1
合适的一套,1
吉宝季景铭郡,1
吉首有钥匙,1
后期税费比较低,1
向阳三小旁,1
向阳路,1
向阳路菜市场,1
听涛苑,1
吾悦广场附近,1
吾悦旁,1
告别租房时代,1
周边生活配套,1
周边配套全,1
周边配套好,1
周边配套齐全价可议,1
周边配套齐全出行方便,1
和佳苑,1
和平三片,1
和平中心!有位置,1
和平区,1
和平哈密道片,1
和悦家园,1
和悦花园,1
和苑全和园,1
和苑国和园,1
和荣苑,1
咸阳路片,1
哈兰三居,1
哈兰两居,1
哈兰庄园两居,1
响螺湾碧桂园海昌天澜,1
商业,1
商业配套成熟古林街,1
商业配套成熟向阳街,1
商品,1
商品房私产满五,1
商品房银角全明户型,1
商圈成熟解放路街,1
商圈成熟近地铁,1
喜欢的抓紧联系,1
嘉安园,1
嘉陵南里,1
嘎嘎好,1
四化里,1
四室,1
四室两卫,1
四小,1
四小三中,1
四居,1
四平东道,1
四楼好楼层,1
园林式小区环境,1
国企开发,1
国企洋房,1
国和园全明两室,1
国际城送阁楼,1
国际社区,1
土城地铁,1
在售房源少,1
在售的房子里,1
地下停车位,1
地下室,1
地下室挑高6.5米能搭建2层,1
地利园,1
地华里新出3楼两室H户型,1
地暖,1
地球村,1
地采暖全阳户型,1
地铁35号线,1
地铁6号线,1
地铁一号线附近宝翠花都听景园急卖房位置好带车位税费低满五,1
地铁六号,1
地铁口,1
地铁麦当劳,1
城中心,1
城北一中两室简洁干净拎包入住,1
城区,1
城区小高层,1
城市之星大厦,1
城芯地带,1
城花园,1
城际高铁旁,1
塘沽,1
塘沽未来片,1
塘沽湾梁锦西苑精装一居室,1
塘沽湾洋房,1
塞纳世家,1
境界梅江,1
境界梅江逸波园,1
境界梅江逸涛园,1
壹歌点,1
壹街区通透两室前排无遮挡,1
复地壹号湾精装两室,1
复地湖滨3居,1
复康路旁临水西公园园艺研究所南北通透大三室采光无遮挡随时看,1
夏洛兹花园,1
夕阳里,1
外滩公园,1
外环旁仁和园装修三室新房拎包就住,1
外环线旁花园洋房,1
外环线边善和园南北通透,1
外调急售,1
多出一个卧室,1
大3居,1
大H户型,1
大H落地窗,1
大三居改善合适,1
大两室有钥匙,1
大两居大王古庄镇,1
大两居室,1
大两居带电梯满五,1
大两居汊沽港镇,1
大两房下朱庄街,1
大产权房,1
大唐印象,1
大唐盛世唐玺雅苑,1
大唐筑雅园,1
大园,1
大地十二城一楼带院,1
大定再减十W,1
大客厅落地窗,1
大寺金谊花园精装中户两室82平68万,1
大平层,1
大张庄镇,1
大悦公寓一居室南开中,1
大悦城旁,1
大楼间距低容积,1
大江北里,1
大江里,1
大胆给价,1
大胡同街,1
大花园双车位,1
大花园车位,1
大落地窗无遮挡好房急售,1
大街,1
大通绿岛家园(商住楼),1
大都会东南朝向,1
大阳台有钥匙,1
大院子,1
大面宽,1
天华里(南开),1
天华里好位置齐开门双阳,1
天和林溪,1
天和林溪博园,1
天嘉湖花园(别墅)大院70平,1
天嘉湖花园别墅194平145W,1
天地源叠Z院,1
天地源欧筑1898,1
天塔,1
天大新园村一期,1
天富园,1
天山城,1
天康园,1
天成华境,1
天房,1
天房美域华庭,1
天津全运村棣棠园,1
天津医院随时看,1
天津四中对过,1
天津大学新园村,1
天津武清,1
天津瑞府,1
天澜园电梯洋房通透大两室,1
天环里,1
天资里,1
天霖园,1
天鹅湖一号近万达,1
太便宜了,1
太合适啦,1
太阳城秀丽园,1
奕聪花园,1
奥体公元101,1
奥体水,1
奥林匹克石榴苑,1
奥林匹克花园玉兰苑,1
好位置两室,1
好位置随时看,1
好商量,1
好房不要错过,1
好房出售,1
好房子不等人,1
好房急售万科新城三居室双卫一楼带小院随时看房采光无遮挡,1
好房来袭,1
好房生活,1
好房诚意出售,1
好楼层2室,1
好楼层全南,1
好楼层小三居,1
好楼层带装修,1
好楼层能谈,1
好楼层通透两居,1
好物业,1
好租好卖,1
好美嘉园,1
好赞好房着急,1
如今的好房,1
如此价格带车位,1
妥妥检漏价,1
婚房保持好,1
婚房未入住,1
婚房精装两室,1
婚房通透三室,1
孔雀城精装大两居小区前排,1
孚德里,1
季景天地对面精装2室,1
学府壹号精装两居,1
学知华庭一楼带院精装二室满五可络可移,1
宅,1
宇萃里,1
安德里一楼独厨有独立卫生间,1
安达里,1
宏伟力推,1
宏达园,1
定制家具,1
宜居,1
宜景园全明大两室,1
宜鹏园,1
宝坻,1
宝坻城南,1
宝翠花都瞰景园砖楼南北通透户型,1
实地拍摄,1
实拍,1
实际使用150,1
实际使用面积大,1
实验洋房,1
客厅带阳台,1
客厅通台无垛子,1
宣惠园精装电梯房,1
宫民里,1
家具家电全带,1
家具家电全齐,1
家具家电齐全,1
家具电器送,1
家居家具送,1
家电家具全送,1
宸和园,1
宽厅,1
宾水西里,1
富丽湾花园,1
富力城新上婚装两居室,1
富力津门湖景尚嘉郡花园,1
富山新上,1
富民路,1
富民里,1
富贵嘉园,1
察哈尔路小区,1
小,1
小三室精装,1
小两居,1
小产,1
小区人车分流,1
小区入住很高,1
小区出门地铁公园,1
小区头排,1
小区配套完善,1
小外二,1
小外二部,1
小张推荐,1
小户型,1
小淀,1
小税,1
小街新苑路3室2厅1卫131.02平方米,1
小面积3居2卫,1
小高层15层到顶,1
小高层三室,1
小高层两室,1
小高层单价9千多,1
小高层带车位,1
小高层精装修保持的还不错,1
尚丰水苑,1
尚佳新苑,1
尚佳新苑温馨两居,1
尚北师大,1
尽享私密与宁静的好房子,1
居然之家附近南北向两室可以贷款,1
屋内亮堂,1
屏花里新上二楼阳面一室,1
崇仁里小区,1
崇和湾,1
川水园,1
州河西园,1
工农村菜市场旁,1
工农村高档小区,1
工大家属院,1
工大旁,1
左厨右卫户型,1
左面文化中心,1
市内6区,1
市内六区,1
师大二,1
帝视角,1
带50平米阁楼,1
带50平米露台,1
带两地下车位,1
带储间一口价,1
带全屋家电家具,1
带前后小院,1
带同面积地下室,1
带大院子,1
带家具家电,1
带家政间,1
带新风系统,1
带电梯中间层,1
带看方便,1
带精装修,1
带花园车位,1
带装修两室,1
带装修包,1
带阁楼带大院带车位,1
带阳台的户型,1
带飘窗,1
常春藤北区电梯洋房,1
干净三居,1
干干净净的,1
平南北通透,1
平层三居,1
平层的舒适,1
平祥大厦内圈阳面大两室,1
平米两居室,1
年前急售,1
年底,1
年底大降价,1
年底捡便宜金地艺墅家溪锦苑(别墅),1
年底着急用,1
年轻人,1
幸福道2室2厅1卫90.15平方米,1
广田里,1
广贤中君利花园通透两居好位置,1
广贤路中学,1
广贤路中小,1
广贤路中小价格可议,1
广贤路中小可议,1
庐山里2楼三室,1
底价有惊喜,1
店登记,1
康乃馨两居室,1
康乐园(南区别墅),1
康隆苑,1
建国楼,1
建投紫云东仕锦园,1
建投观海,1
建昌里,1
开发区旭辉滨海将来,1
开放式厨房,1
开江里,1
引河里,1
弘泽城,1
弘祥家园,1
彩丽园,1
很合适,1
御惠园,1
御湖庄园瞰湖花苑,1
御湖庄园观澜花苑大3居,1
心贻湾,1
快来看呀41万可议买94平米大两居精装修,1
怡园里,1
怡安温泉公寓全新装修,1
怡林园,1
怡水苑,1
怡然小区,1
急卖两室,1
急售),1
急售两居,1
急售中建壹方九里十一中十三小紧邻杨村一中高铁,1
急售价能谈,1
急售公元大观,1
急售前排无遮挡,1
急售华侨城善水苑,1
急售可议,1
急售嘉泰翰林学府叠拼别墅165平4室140万价格可议诚意出售,1
急售地铁5号线融创臻园洋房洋房一楼全明户型三室两卫随时看房,1
急售捡漏,1
急售春园里,1
急售松风东里,1
急售汤泉世家二期边户,1
急售盛世郦园,1
急售看房方便,1
急售福居园精装两室,1
急售经纬二期好楼层南北通透3室精装,1
急售经纬学知华庭十一中十三小紧邻杨村一中高铁站,1
急售议,1
急售送车位,1
急售静湖中间楼层,1
性价比合适,1
性价比好房,1
总价低可贷款,1
总价低近地铁,1
总价超低,1
总价较低,1
总款低,1
恒大双拼别墅,1
恒大山水城两居,1
恒大御景湾,1
恒大绿洲馨园,1
悦东嘉园,1
惠众家园1室,1
惠州里阳面无遮挡,1
想买大胆给价,1
想咋装修都行,1
愉悦港湾二楼老本,1
意境带车位两居,1
意境精装三居,1
意境雅居,1
意境雅居洋房,1
懂的都懂,1
懿德园小区中心位置,1
成发花苑中层两室,1
成发馨苑,1
成熟,1
成熟商圈,1
成熟小区,1
成熟社区,1
户型好价格合适,1
户型方正急售,1
户型格局,1
户型棒,1
户型通透,1
房105万,1
房147万,1
房90万,1
房东急置换,1
房主一天没住过,1
房主低价急售,1
房主保养的好,1
房主实心卖有商量,1
房主急售福满园,1
房主急售随时看房,1
房主换房价格好商量,1
房主要去外地结婚了,1
房主诚心出,1
房主降价89万,1
房主降价出售,1
房信海信园,1
房可大议,1
房型格局,1
房子价格好谈,1
房子保持好,1
房子保持干净,1
房子合适,1
房子干净,1
房子干净没住过人,1
房子过五年,1
房源多价格可谈,1
房龄新随时看房,1
所见即所得三室两卫地采暖,1
才俊里,1
才华里,1
找我一竦,1
抢手户型!,1
拎包住,1
拎包入住车位充足,1
拎包居住,1
招商,1
招商公园1872,1
招商雍景湾,1
挂甲寺街,1
挑空已搭建,1
挥泪卖福锦园,1
振业铂雅轩,1
捡个漏,1
捡大漏,1
提包入住,1
改善,1
改善3居,1
改善住宅,1
改善可选,1
改地采暖,1
敬重里商品房,1
整个小区,1
文化公园区政府生活方便配套齐全采光好,1
文成花园98平米78万可以好位置,1
文才公寓,1
文静里,1
新一中高铁旁,1
新上万科金域华府雅苑,1
新上三居室,1
新上两室金角,1
新上二楼精装修,1
新上全阳两室采光视野无遮挡,1
新上夏洛兹精装通透两室,1
新上大2室,1
新上好房源,1
新上好楼层,1
新上安德公寓,1
新上架,1
新上次新房一室改两室,1
新上河西二片私产房总价低看房有钥匙诚意出售,1
新上燕宇精装两室,1
新上精装修两室,1
新上绿城通透小三居,1
新上美域豪庭,1
新出低楼层通透三室,1
新出好房,1
新出急售,1
新出洛卡洋房三楼,1
新华英郡,1
新城一中旁,1
新城小三居,1
新城悦隽央著看,1
新城旭辉悦隽都会,1
新城梧桐公馆,1
新城福津园,1
新婚事宜,1
新婚房,1
新宜白大道万科新城独门独院联排别墅,1
新平江里,1
新房刚交付一天没住,1
新房没住人,1
新房满二随时看,1
新挂牌精装修,1
新新家园,1
新村向阳里,1
新村滨海龙都,1
新村远洋里,1
新村金达里精装修两室,1
新梅江雅湖里,1
新港富贵家园,1
新独栋别墅770万玛歌庄园距离出入口超近看房随时,1
新登记业主急卖,1
新盈大两室,1
新立街,1
新装修保持好,1
新装修没住过,1
新都花园,1
新降价,1
方便,1
方便看房,1
方正户型,1
旁,1
旁边商业餐饮一应俱全,1
无,1
无二套,1
无公摊面积小区,1
无物业费,1
无贷款,1
无连廊,1
无遮挡156万,1
旭日豪庭,1
旭辉,1
旭辉107平三居,1
旭辉御府不临高铁,1
时代华庭,1
旷世新城,1
明厨明厕,1
明年买不到,1
明星网红打卡,1
星宇花园,1
星海紫旭府,1
星耀五洲(联排边户),1
星耀五洲枫情阳光城,1
星耀五洲枫情阳光城(别墅),1
星耀五洲澜海庄园,1
星耀五洲澜海庄园(别墅),1
春园里,1
春曦书院电梯高楼层精装2室,1
春熙明月,1
春秀园,1
昱湖苑115下叠,1
晨晖里新楼,1
普东新苑H户型低楼层,1
普东新苑电梯两室,1
普旺里,1
普泰花园南北通透,1
普达里,1
景兴西里两室户型,1
景园里,1
景瑞翰邻,1
景瑞誉景天地,1
景瑞陆号,1
景色优美,1
景观楼座两居室,1
景观花园,1
晴景家园,1
智谛山,1
曙光里2楼,1
曙光里二楼,1
曲溪东里,1
曲溪西里,1
曾经的梦想,1
最后一套捡漏,1
月汐苑,1
有,1
有各种户型的房源出售欢迎咨询,1
有地下室,1
有电梯古林街房东急置换,1
有电梯空港经济区,1
有钥匙随时,1
有钥随时看,1
有阁楼,1
朗月轩,1
朝南精武,1
朝南迎宾街动静分离,1
朝向采光好,1
朝阳,1
未来广场商圈,1
本业主诚心卖,1
本地人外地人都可以买,1
李桃园,1
来电即看,1
来电随时看房,1
来看,1
杨一旁,1
杨伍庄地铁站,1
杨柳青,1
杨柳青中心位置,1
杭州道,1
杭州道一楼,1
杭路,1
杭路街万和里2室1厅,1
杭路街尚东雅园1室1厅,1
松风西里,1
林景家园,1
林枫花园,1
林立鑫铭水岸,1
果园新村,1
枫桥园,1
枫桦园精装两室,1
柳苑里,1
柳馨园洋房四楼,1
标准H户型急售可大议,1
校旁,1
格局好没有浪费空间,1
格局无浪费,1
格有车位,1
格调松间,1
格调竹境,1
格调竹境两室,1
桥园里(河北),1
梅宏园(北区),1
梅江天浦园,1
梅江瑞府大三室,1
梅江精装大两室,1
梅诺卡小镇通透两居室急售,1
梅香园,1
梧桐南,1
楼,1
楼下商超齐全,1
楼下地铁,1
楼下地铁公园,1
楼下就是,1
楼位不临街,1
楼位好采光好,1
楼层不到顶,1
楼层南北通透精装2室,1
楼层好位置佳,1
楼层好无遮挡,1
楼层好采光好,1
楼层好青光,1
楼层很好,1
榕景园,1
模范小区,1
橄榄树两居室,1
橡树湾仰润轩,1
橡树湾八期,1
橡树湾茗润轩,1
次房过五年没有二套省税,1
次新小区洋房三室,1
次新房一次也没住过,1
次顶层,1
欣平苑,1
欣悦佳园,1
欣悦佳园送车位,1
欣昌苑,1
欣桃园,1
欣荣馨苑电梯精装一室,1
欧澜家园3楼南北两室,1
正南,1
正对小花园,1
正荣小3室,1
正规4室2厅,1
正规H户型,1
正规一室,1
正规三室,1
正规两室,1
正阳面一室,1
此房临地铁,1
此房已满两年,1
此房源满五年税费低,1
此房源过五年,1
此房税费低运泽花园小区(南区)简装2居室88平米78万老证,1
此房过五年无二套采光足业主诚心卖房,1
步梯公摊少,1
步步高升的房子,1
步行到城际站,1
武清城中,1
武清高铁站央企开发金融街金悦府(武清),1
武清高铁站旁,1
每个房间都有窗户,1
比售楼处同楼层便宜六七万,1
比售楼部便宜15万,1
比松花园,1
毛坯三居室,1
毛坯卖住过,1
毛坯房可塑性强,1
毛坯的,1
毛坯顶楼,1
民畅园,1
水墨兰亭,1
水岸江南天湾园,1
水景花都,1
水晶X片,1
水木三楼,1
水木天成3楼,1
水木天成依湖园,1
水木天成后身怡和新村,1
水木天成闻涛园,1
水木天成闻涛园111.16平140万,1
水木天成阁林园八区一楼带院总价低南北通透,1
水木望汀园,1
水游城,1
水竹花园新上好位置H户型三楼南北通透急售,1
水郡花园,1
永旺商场正对过,1
永旺对面万科金域蓝湾,1
汇丰园2室通厅户型,1
汇海北里,1
江南城2期,1
汤泉86平,1
没占,1
没怎么住过,1
没有个税,1
没有中界非过户非可贷款随时看闽侯路电梯房,1
没浪费面积,1
河东万达来安里两室精装河东三片缘诚业主急卖,1
河东区一号桥雅仕嘉园2室2厅,1
河东区丰盛园二期两室采光视野充足没有浪费面积,1
河东区大王庄街平顺里2室1厅,1
河东区大王庄街新关公寓2室1厅,1
河东区大王庄街绚丽园2室1厅,1
河东区大直沽街东和家园2室1厅,1
河东区大直沽街大直沽八号路2室1厅,1
河东区大直沽街大直沽后台2室,1
河东区实验,1
河东区春华街华庆里2室1厅,1
河东区私产大两室,1
河东区靓东花园两室一厅,1
河东次新房,1
河东私产,1
河东雅仕嘉园,1
河北区光复道街盛海公寓2室1厅,1
河北区兴宜里,1
河北区宁园街富贾花园一室一厅一卫高楼层,1
河北区宁园街海达明园2室1厅,1
河北区鸿顺里街海韵家园3室2厅,1
河北路,1
河景馨园,1
河西一,1
河西一pian,1
河西一片东楼,1
河西一片四号路,1
河西一闽侯路,1
河西三水道片,1
河西三片天山里,1
河西人民公园旁,1
河西体院南能转,1
河西务国际城一层送小院,1
河西区友谊路街警校宿舍2室1厅,1
河西区天塔街宾水里2室1厅,1
河西区柳林街贺福里2室1厅,1
河西区越秀路街爱国里2室1厅,1
河西区马场街河西区金山里2室1厅,1
河西四季馨园,1
河西师大二F小,1
河西景兴西里,1
河西梅江爱湖里婚房两室,1
河西浯水道龙瀚南园华江里,1
河雅颂,1
泗村店哈兰庄园,1
波士顿中间楼层,1
波士顿双阳两室精装可拎包入住,1
泰和新都二期,1
泰山里,1
泰达美源,1
泽信公园御府,1
泽信公馆,1
洋房1楼带院,1
洋房4室,1
洋房4楼,1
洋房一居室,1
洋房一楼,1
洋房三室双卫,1
洋房三室好装修方便看,1
洋房中层,1
洋房四室,1
洋房大2室,1
洋房带车位满五,1
洋房带阁楼,1
洋房顶楼带阁楼,1
洋房龙湖紫辰改善性住房精准3室,1
洛卡小镇林溪园,1
洛川里,1
津南,1
津南^八里台澜海庄园(别墅),1
津南新城合居园,1
津南新城合祥园,1
津悦华庭,1
津永线2室1厅1卫90.88平方米55万可议,1
津湖湾,1
津门正荣府,1
津门熙湖洋房,1
海信园,1
海信园三室通厅95.25平明厕,1
海光寺改善精装三室,1
海华里,1
海富园,1
海居园电梯洋房,1
海山南里,1
海怡园三室,1
海怡园三楼三室两卫,1
海明园(滨海),1
海榕园,1
海榕园精装大两居,1
海河,1
海泰高新区,1
海祥豪庭(别墅),1
海诚园,1
海道1245中,1
海道1256中,1
海道小雪,1
海道梧桐,1
海都园,1
海雅园,1
海韵园(塘沽),1
海馨园一期洋房,1
涌金,1
涌金壹,1
淮兴园,1
清华园,1
清枫园,1
清水毛坯西边户,1
清霖园,1
渌水道泓春园好房子现特价,1
渤海天易园,1
渤海石油新村(三区),1
温馨两居室,1
港云里,1
湖南人在天津做房产9年,1
湘江道中间楼层,1
溪悦园精装一居室,1
溪水河畔花园,1
溪清苑一楼三室,1
满2年,1
满二唯一,1
满二杨村街,1
满二黄庄街,1
满五出行方便,1
满五唯税费低,1
满五年南北通透,1
满五年精装修,1
满五Sr看房,1
滨尚洋房南北通透两居室采光好,1
滨江公馆,1
滨江锦园,1
滨河新苑右手边通透小两室,1
滨海壹号,1
滨海新区工农村伴山人家2室1厅,1
滨海新区新河街贻港新城3室1厅带车位业主诚心卖,1
滨海新区欣康苑,1
滨海欣嘉园,1
滨海江来天晖苑,1
滨海红星天铂晴园,1
澜湾花园洋房三室,1
焕玉里1楼,1
熙汇广场,1
燃气暖气俱全,1
燕云小镇,1
燕宇艺术家园南北通透H户型,1
爱丽家园,1
牛镇新苑,1
物业好宽厅,1
物业直售,1
特变中央湖,1
特棒的房子,1
独立入户,1
独立卫生间,1
独立餐厅好户型,1
玉盛里好楼层两室出售,1
王村大润发旁出小区有广场麦当劳,1
王村首创福特纳湾金瀚园,1
王顶堤故里,1
王顶堤故里新房现房,1
玖拾W,1
环京,1
环京别墅,1
环内新房象博豪庭大两室,1
环友里,1
环境优雅,1
环境佳,1
环盛里二楼,1
现代风格精装,1
现在这个价,1
现房3室2卫,1
现房没住过,1
现房电梯别墅,1
理工对面,1
理想中的房子,1
瑞宁嘉园,1
瑞府104平三室两卫全明南北通透,1
瑞庭颂苑,1
瑞江花园菊苑两室不临街不把边,1
瑞泽家园,1
瑞盈园,1
瑞竹大厦,1
Z苑精装上叠,1
生态城万达旁,1
生态城力高三室精装修南北通透三室中间层总价合适首付低,1
生态城力高阳光海岸,1
生态城南开精装118通透三室两卫一天没住,1
生态城新逸墅下叠,1
生态城景杉园大三室精装修带车位好楼层出门就是小外二部随时看房,1
生态城精装三居电梯洋房,1
生态城精装洋房,1
生态城红星天铂晗园100.42平138万好房还在等什么,1
生态城起步区通透大两室出售,1
生态城起步区首创康桥郡精装洋房H户型过五年小外二部一墙之隔,1
生活及交通配套完善,1
生活舒适,1
甬n0.8,1
田园小区,1
田园小区低楼层双阳居通透两居室采光好配套齐全满五年,1
田字独,1
电梯11楼,1
电梯两室107平米,1
电梯入户,1
电梯好楼层急售,1
电梯小高层,1
电梯房两室,1
电梯房徐官屯街,1
电梯房拎包入住,1
电梯房杨村街,1
电梯房楼层好,1
电梯楼,1
电梯次顶,1
电梯次顶楼,1
电梯洋房4楼,1
电梯直达地库,1
电梯花园洋房,1
电梯跃层复试,1
电梯高层,1
留园里(南开),1
白天采光好,1
白鹭湾,1
的户型,1
皓林园二期,1
盈润,1
盛世华府,1
盛世华庭,1
盛世睿园精装两室,1
盛世睿园装修好,1
盛世豪庭2室2厅1卫61万97.94平方米,1
盛世馨园,1
盛仓新苑炎黄园,1
盛兴佳园,1
盛景铭都精装一室,1
盛皓南苑,1
盛禧园商品房,1
目送式,1
直接交钥匙,1
直接可以入住,1
直降20万业主着急卖,1
直降38万,1
直降50万,1
看南运河,1
看房基本随时,1
看房子方便,1
看房方便有钥匙,1
看房比较方便,1
看房联系.,1
看房随时可以过来,1
真假,1
真房,1
真的高性价比,1
着急出手价格好谈,1
着急卖1,1
瞰湖花苑精装一居,1
石榴,1
砖楼一室,1
碧桂园,1
碧桂园倚涛庭院,1
碧桂园天汐苑3室出售,1
碧桂园洋房大平层,1
碧桂园金誉府,1
碧欣路16号1室1厅1卫38.8平方米,1
碧水里,1
碧海长住,1
碧海鸿庭两室,1
示范小区,1
礼貌楼,1
社会山西苑,1
社会山西苑业主急售,1
社区中心,1
社区环境安静,1
祥福园送精装,1
福堤园,1
福安里(塘沽),1
福居公寓南院,1
福建里,1
福津园好楼层一室一厅位置好,1
福渔园两室,1
福满园房主急售,1
福芳园,1
福芳园两室能改三室,1
福苑居,1
福锦园精装两室通厅,1
禹州110就可有跃层170平含90平阁楼送露台,1
禹州悦府,1
禹洲尊3室一卫,1
禹洲尊府空中小别墅,1
禹洲悦府,1
离梦想很近实现舒适三房,1
秀丽园精装修两室,1
秀峰里,1
秀悦园,1
秀拉花园,1
私产1楼,1
私产20楼,1
私产两室,1
私产二楼两室随时看,1
私产低税,1
私产双阳台,1
私产成套,1
私产房采光好,1
私产满二,1
私产满伍,1
私产过两年诚意卖房懂得来,1
私产过五低楼层,1
秋瑞,1
租养贷,1
税点少,1
稳定租户,1
空间大紧邻北京,1
第7领地,1
第三大街,1
第六大道,1
简单装修三室,1
简单装修通透三居室,1
简装2居,1
简装两室,1
精装130万可议,1
精装160万议,1
精装2室可改3室,1
精装4室电梯洋房,1
精装H户型,1
精装三室双卫,1
精装三室洋房,1
精装三居室,1
精装两室84万,1
精装两室一卫,1
精装交付,1
精装交付纯一手新房,1
精装修2居,1
精装修一室,1
精装修三室两卫,1
精装修三室双卫,1
精装修两居室,1
精装修可居住好转手,1
精装修带电梯,1
精装修没住过,1
精装修的房子,1
精装修自住房,1
精装修高楼层,1
精装修高楼层.,1
精装全明户型诚意出售,1
精装全阳,1
精装全阳两室,1
精装全阳两室带车位,1
精装前面无遮挡,1
精装可拎包入住下朱庄街,1
精装商品房住宅,1
精装四室,1
精装大平层,1
精装好房小海地,1
精装婚房130万可议,1
精装婚房两室万科物业,1
精装婚房两居室,1
精装小三室,1
精装带车位,1
精装急售,1
精装房,1
精装改善大三居,1
精装有电梯,1
精装未入住,1
精装样板间清盘,1
精装洋房两居室,1
精装电梯三室两厅两卫120平米有房本,1
精装纯新房好楼层,1
精装自住,1
精装送所有,1
精装高楼层视野无遮挡,1
紧临大光明六力,1
紧挨,1
紧挨11中13小,1
紧邻,1
紧邻11中,1
紧邻13小11中城际,1
紧邻一中,1
紧邻万达广场,1
紧邻十一中,1
紧邻双地铁,1
紧邻各大商厦随时看房,1
紧邻地铁3号线,1
紧邻天河城,1
紧邻杨一,1
紧邻轻轨,1
紧邻高铁,1
紧邻高铁站委托钥匙,1
紫云国际,1
紫云教育,1
紫光苑,1
紫悦华邸,1
紫金南里,1
紫金南里二室一厅,1
o生活砀多精彩,1
G色低碳,1
红星华府,1
红星洋房,1
红星s园,1
红树湾,1
红桥一片,1
红桥区,1
红桥区双环街暖洋家园2室1厅,1
红桥和苑雅和园两室视野好,1
红桥本,1
红樱巷,1
红|领世郡领世达观(一二期),1
红郡雅苑,1
纯洋房,1
纯洋房小区,1
纯洋房社区,1
纯电梯洋房,1
绅湖公馆二期精装修,1
经.典户型南北通透二楼,1
经典三居,1
经典两居室,1
经典大2居,1
经典正式三室,1
经纬二期出门11,1
经纬二期学知华庭,1
经纬二期通透大三居双卫精装修前排无遮挡全天采光13小11中,1
经纬城市绿洲学知华庭一室一厅精装,1
经纬学府华庭,1
给价就出手,1
给价就卖,1
给价聊,1
统一精装,1
绿地新里栖湖公馆,1
绿城桂语听m,1
绿景家园,1
网红别墅,1
罕见户型看房方便,1
置换,1
置换卖房,1
美化里,1
美域豪庭H户型两室,1
美林园,1
美泉新苑,1
翔鹤园,1
翠亨花园北里..精装.低总价.地段好.周边配套齐全,1
翠景园(武清),1
翠杉园洋房两室,1
翡翠城,1
翡翠系列,1
耀华,1
耀远里,1
老客户钥匙房,1
老本,1
老本没贷款,1
老证能贷款,1
联发锦里,1
联排别墅雪溪苑,1
聚焦好房,1
聚英里,1
聚雅园131平装修,1
聚雅园中层,1
聚龙园,1
背靠商,1
背靠实验,1
背靠水,1
胜利街,1
胡北小镇,1
能接受顶楼的看过来,1
能谈,1
自住保持好,1
自住的精装修三室,1
自住精装,1
自住精装一室,1
自住装修,1
自己住灰常不错,1
臻园(武清),1
舒畅嘉园,1
舒畅园,1
舒适三房,1
航天精装修两室,1
节省税费,1
节省装修时间,1
节省费用,1
花,1
花园洋房,1
花样年锦,1
花港里一楼阳面,1
花溪苑,1
花语雅苑,1
芳水河畔,1
若是考虑不犹豫,1
英华政府旁,1
茗锦花园,1
荔红花园,1
荔雅花园,1
荣悦园H户型大两室,1
荣悦园两室,1
荣水园,1
荷塘,1
荷月阁H户型,1
荷香园楼层好,1
莱茵电梯房两室,1
莱茵美庭苑电梯洋房,1
菊芳园(静海),1
菜市场,1
萦东花园,1
葛万公路2室1厅1卫72.87平方米,1
蒲瑞和园(东区),1
蓝光雍锦香颂,1
蓝山花园(东区),1
蓝湖郡可议5万电梯洋房,1
m园,1
融创中央学府,1
融创君澜,1
融创城融青园,1
融创御澜,1
融创Z园,1
融创精装三室满五,1
融创臻园,1
融创高品质住宅,1
融林园两室精装修,1
融泰城好房,1
融科瀚棠性价比,1
装修好有钥匙随时看,1
裕华园2室1厅1卫102平,1
裕阳花园,1
西北角早市,1
西南户型,1
西康路有位置,1
西楼北里,1
西河名邸大两室70年产权可以改三室急售有钥匙,1
西站后广场,1
西苑边户金角,1
西营门外小W,1
西营门街,1
西部新城觉康园,1
西青,1
西青万达旁,1
西青区李七庄,1
西青大学城,1
西青大寺镇,1
西青海泰现房,1
观景房环境好临水系,1
观河景,1
观海河,1
观湖景,1
观澜花苑,1
观鹭花园,1
视野佳无遮挡,1
视野好精装修三室,1
解放路街,1
解锁更多需求,1
诚信出售河西南侧红|领世郡洋房二楼,1
诚信卖,1
诚心出售价格好商量,1
诚心出售看房方便,1
诚心出售首付2成,1
诚心卖价格可谈,1
诚心卖看房方便,1
诚意出售互助道,1
诚意出售价格可议,1
诚意出售君利新家园,1
诚意出售急售有钥匙随时看房,1
诚意卖随时看,1
诚意就谈,1
该房源满二年,1
诺德名苑,1
诺德名苑三室30万装修,1
豪华70万装修,1
豪装别墅,1
贝肯山旁,1
贤达里,1
购物出行便捷,1
购物出行方便,1
购物工作方便,1
贵桥里,1
贷款拿下,1
费用1,1
贻兴园,1
贻成,1
贻成东园一楼精装,1
贻成学府世家,1
贻港城,1
赔,1
赔20万经纬二期出门菜市场杨村一中,1
赠20精装,1
赠地下储藏间,1
赠地下室阁楼车位,1
赠地下车位,1
赠挑空面积,1
赠送40平露台,1
赠送双阳台,1
赠送阳台,1
走路去,1
超大明厅,1
越秀园,1
跃层式建筑,1
距大门近出入方便,1
路劲赞成,1
路劲隽悦府,1
路劲隽澜湾,1
轻奢精装修,1
边户三室,1
边户全明户型,1
边户南北通透,1
达观一楼,1
迁户自住可选,1
过二年私产房,1
过五年急售,1
过五无二,1
运泽花园南区,1
运泽花园小区(南区),1
近D铁,1
近公交地铁站,1
近地铁10号线,1
近地铁25号线,1
近地铁3号线大型商场,1
近地铁公交站,1
近地铁和市场,1
近城际低楼层,1
近外环,1
近天津站,1
近广贤路中小价格可议随时看,1
近诚心卖,1
近高铁,1
还是一中一小,1
还能再议,1
还能商量出门,1
这个价格便宜嘛,1
这个是真合适,1
这就是需要你的留意!,1
远洋城滨尚花园,1
远洋城滨悦花园,1
远洋新干线精装两室两厅,1
远洋未来城秋颂苑,1
远洋琨庭,1
远洋红熙郡,1
远洋香奈精装两居,1
远离高速,1
远翠西里,1
远雄兰苑,1
远雄芙蓉北苑,1
送10平,1
送15平米地下室,1
送28平米地下室,1
送8平米卧室,1
送储藏间,1
送全屋家具,1
送家具家电车带位,1
送小院阁楼地下室和车库,1
送阳台,1
送面积,1
适合各种人群居住,1
适合多口之家,1
通用润园3层联排别墅,1
通达新苑三室,1
通透3室2卫,1
通透3居,1
通透3居2卫,1
通透三室双卫,1
通透三室户型,1
通透两居,1
通透两居急售,1
通透全明三室,1
通透全明小3室,1
通透全明的5楼,1
通透大三居,1
通透大两室,1
通透好楼层,1
通透带精装,1
逸城雅园,1
道俊华园,1
部队院,1
都旺新城菊芳园,1
配合看房,1
配套,1
配套完善,1
采光不遮挡,1
采光倍儿好,1
采光充足价,1
采光好105万,1
采光好价位合适,1
采光好价格合适,1
采光好前面无遮挡,1
采光好南北通透3室2厅2卫,1
采光好拎包入住,1
采光好电梯房,1
金厦新都波溪园,1
金地品质,1
金地新城大境,1
金地格林世界橄榄苑,1
金地物业,1
金樾府洋房,1
金河家园属地铁6号线旁小区,1
金泰丽湾新上洋房大一室,1
金泰丽舍,1
金泰丽舍精装一居,1
金泽园,1
金海一期,1
金海湾花园,1
金玉府国企打造邻地铁花园式社区,1
金秋新苑,1
金科中海金海湾,1
金融街融汇,1
金角3居室,1
金角H户型,1
金角三居室,1
金角两室,1
金角全明三室,1
金角全明户型,1
金角四室采光好,1
金角次顶,1
金钟街,1
金银里三室金角,1
金银里急售,1
金隅悦城品香苑,1
金隅悦城秀悦园,1
金隅通透全明,1
鑫旺里,1
鑫苑汤泉世家,1
钥匙在手,1
钻.石山,1
钻.石山LOFT公寓,1
钻.石山两室,1
钻石山三期钥匙房,1
铁三院开江里,1
铃兰苑洋房,1
银角南北通透三室户型,1
锦园东里,1
门口公交站,1
门口地铁站,1
闽侯路片门槛房,1
阳光100国际新城北园,1
阳光100洋房,1
阳光充足,1
阳光好,1
阳光星期八昕旺南苑,1
阳台已扩建,1
阳面,1
阳面一室,1
阳面两室,1
阳面两居,1
阳面大一室,1
阳面明媚,1
附近,1
附近配套全,1
降价121万,1
降价180万,1
降价25万可议首创雪莱小镇中户别墅地,1
降价了,1
降价加急出售春港花园配套成熟双卫,1
降价处理可聊,1
降价房源,1
降降降好房子看,1
陵水片,1
隆成家园,1
随买随住,1
随时,1
随时入住,1
随时看房105万可议,1
随时看房有钥匙,1
随时看房诚心卖价格可议,1
随时看房诚意出售,1
随时能用塘沽一中,1
随时配合手续,1
雅仕兰庭精装修,1
雅园里,1
雅居乐,1
雅居乐滨河雅郡,1
集中供,1
集中供暖南北通透有钥匙,1
集体,1
集体h可买,1
集体户能,1
集体英才可买可贷款,1
集美雍阳洋房,1
雪莱小镇大边户,1
霞光里(北辰),1
露台车位,1
靖江路旁,1
静壹城2室精装修,1
非一楼,1
非常合适5室可谈价格,1
非常美丽非常诚意卖,1
非顶楼,1
靠谱出售,1
靠近梨双路,1
面向南大地铁3号11号,1
面积大,1
鞍山道,1
顶楼,1
顺泰公寓,1
顺通朝阳一室,1
颂禹里,1
颐欣园小区次顶层,1
首付23万,1
首付25万起,1
首付三成可贷款,1
首付低宝翠花都瞰景园,1
首创中户别墅一层带卧室,1
首创溪堤郡颂园,1
首创禧悦,1
香堡花园,1
香榭世家大洋房,1
香榭精装三室,1
香江健康小镇棕榈园,1
香海园,1
香润轩,1
香逸园洋房,1
香邑国际,1
香雍久和一中商务区,1
香雍玖合洋房,1
香雍玖和洋房,1
香雪苑,1
香雪苑2室,1
香雪苑装修没住过,1
香雪苑通透两室,1
香颂园,1
馨桐雅苑,1
馨盛园(武清),1
馨苑小区,1
馨苑新城,1
馨达园98平米两室,1
马路对面就是南开,1
高区采光好,1
高品质别墅,1
高大,1
高层不到顶,1
高性价比房源,1
高新区核心位置,1
高新区现房,1
高新区贻锦台,1
高端低密社区,1
高端墅区,1
高端社区,1
高采光好楼层两居室,1
高铁十一北新玉龙湾,1
高铁站附近,1
鲁能泰山下叠着急卖339万,1
鲲栖府秀拉花园,1
鲲玺园,1
齐专卖凯旋门,1
龙亭家园,1
龙吉园,1
龙居花园三区,1
龙居花园二区,1
龙居花园六区,1
龙居花园独栋别墅,1
龙峰馨园,1
龙德园,1
龙德里,1
龙悦花园,1
龙洲道188洋房,1
龙湖天宸原著,1
龙湖天宸原著125平247万,1
龙湖天璞,1
龙湖天璞开发商精装修3室,1
龙湖新出精装三室,1
龙湖洋房,1
龙湾城龙吉园,1
