精装修,1233
配套齐全,1155
邻地铁,915
南北通透,457
有阳台,386
随时看房,344
电梯房,247
押一付一,224
拎包入住,219
1室1厅1卫,226
2室1厅1卫,201
整租,116
首次出租,79
可短租,68
家具家电齐全,59
家具家电齐全,59
可月付,42
有钥匙,39
家电齐全,36
急租,35
看房方便,33
精装两室,31
采光好,30
随时入住,29
精装一室,26
干净整洁,20
独卫,19
3室2厅2卫,18
价格可议,18
低楼层,18
近地铁,18
3室1厅1卫,16
3室2厅1卫,15
两室,15
交通便利,15
出租,15
可短租月付,15
家具齐全,15
房子干净,13
新出,13
随时看,13
家具家电齐全拎包入住,12
无中介费,12
独立阳台,12
包采暖,11
新上,11
精装三室,11
2室2厅,10
干净,10
首租,10
交通方便,9
必租好房,9
中间楼层,8
华江里,8
大直沽街,8
总医院,8
熙悦汇,8
看房有钥匙,8
蓝岸森林,8
设施齐全,8
三楼,7
业主急租,7
中信附近,7
全齐,7
包物业,7
南,7
可月付可短租,7
可短租可月付,7
宜兴阜,7
家电家具齐全,7
总医院300米西康路地铁300米,7
房子精装修,7
看房随时,7
碧春园,7
精装修两室,7
血液病医院800米,7
豪华装修,7
适合办公,7
3室1厅2卫,6
东升里(北辰),6
二号桥,6
可以短租,6
地铁2号线附近,6
城建大学,6
好房,6
家具家电全齐,6
张贵庄街,6
拎包住,6
接受短租,6
杭州道,6
理工大学,6
精装,6
精装修电梯房,6
芥园道街,6
金融街,6
随时看房有钥匙,6
霞光里(北辰),6
1室0厅1卫,5
2室,5
2室2厅2卫,5
2室精装,5
2楼,5
东北角艺术公寓,5
免中介费,5
南北,5
可押一付一,5
天塔街,5
姚村夜市,5
实拍,5
小海地,5
工业大学,5
拎包即住,5
月付,5
有钥匙随时看,5
煦园新居,5
独立单间,5
环境好,5
环球置地广场,5
生活便利,5
精装大一室,5
诚心出租,5
轻轨附近,5
过桥和平,5
金谊花园,5
靠近海光寺地铁站,5
1室1厅0卫,4
1室2厅1卫,4
1室精装修,4
2室1厅0卫,4
2室1厅2卫,4
一号桥,4
一楼,4
东西齐全,4
中交海河公馆,4
中北医院,4
二楼,4
五一阳光锦园,4
五大街永旺,4
价格可谈,4
公司托管房,4
出行方便,4
包物业费,4
包物业采暖,4
北辰红星国际广场(商住楼),4
华苑,4
南京路,4
双地铁,4
可月付短租,4
周边配套齐全,4
大津城,4
天津站附近临地铁,4
小区环境好,4
工农村,4
师范大学,4
性价比高,4
房源采光好,4
新房源,4
有钥匙随时看房,4
望海楼街,4
永旺梦乐城,4
河东万达,4
海泰产业园,4
空房,4
空房出租,4
荣业园,4
西青大悦汇,4
近地铁五六号线肿瘤医院地铁站,4
金水湾(武清),4
金融街中心,4
陪读季,4
随看随住,4
颐景公寓,4
1室0厅0卫,3
4.5.9号线,3
550月,3
万新街,3
万隆桃香园,3
三合里,3
三地铁,3
三春里,3
业主诚心出租,3
业主进店登记随时看房,3
东城家园,3
两室一厅,3
两室简装,3
中北镇,3
中楼层,3
临近地铁,3
仁恒海河广场,3
价格便宜,3
价格合适,3
价格美丽,3
佳和雅庭,3
光复道街,3
免中介,3
兴南街,3
可拎包入住,3
向阳路街,3
君临大厦,3
嘉里汇,3
嘉陵道街,3
四楼,3
大一室,3
大港区,3
天津师范大学,3
天津港贻航国际附近,3
天津站,3
奥城商业广场,3
好房不等人,3
宜淞园,3
实图实价,3
室内设施齐全,3
家具家电,3
家具家电可配齐,3
家电全齐,3
带燃气,3
干净一室,3
干净两室,3
干净温馨,3
房子干净温馨,3
所见即真实,3
整租淦江东里,3
新装修,3
无遮挡,3
旭日里,3
时代大厦,3
星耀五洲,3
月付可短租,3
有电梯,3
朝南,3
朝南采光好,3
桂江里,3
津门正荣府,3
渤海银行,3
瑞景商业中心,3
瑞竹大厦,3
碧龙园,3
秀水馨苑,3
简单装修,3
简装,3
精装1室,3
精装2室,3
精装一室电梯房,3
精装拎包入住,3
紧邻下瓦房地铁站,3
红桥区,3
节能大厦,3
荣畅园,3
蓝庭公寓,3
融侨中心,3
装修很好,3
西沽街,3
购物方便,3
辰庆家园,3
远洋国际中心,3
金茂汇,3
铃铛阁街,3
随时住,3
随时可看房,3
随时看房入住,3
音乐学院,3
领包入住,3
饶河里,3
鸿顺里街,3
黄河道,3
齐全,3
1号线海光寺站,2
1室0厅,2
1室精装,2
1楼,2
2号线曹庄,2
3室,2
3室1厅,2
3室2厅,2
4楼,2
一室精装,2
一居室,2
一楼一楼,2
万德庄大街,2
万达,2
万达广场,2
三号线大学城,2
三号线高新区地铁站,2
三水南里,2
上下两层,2
不到顶,2
业主人很好,2
业主诚意出,2
东丽开发区国际医疗器械产业园,2
东丽湖,2
东瑞家园,2
两居,2
中介费,2
中北永旺,2
中楼层环境好,2
中道,2
丰盛园,2
临四号线地铁,2
临近地铁6号线,2
临近海光寺地铁1号线,2
丹凤里,2
丽霞里,2
义兴南里,2
义兴里,2
云山里,2
五号线昌凌路,2
交通特别方便,2
产业园海港城,2
今日家园,2
价格1300,2
价格可谈大商量,2
价格能商量,2
价钱可议,2
体育中心,2
体育中心街,2
佳和华庭,2
便宜,2
便宜一室,2
保利云禧,2
保洁已做,2
停车方便,2
先到先得,2
先春园泉春里,2
免费停车,2
免费宽带,2
全新家具家电,2
全明户型,2
兴华里,2
农学院,2
凯德国贸,2
凯盛家园,2
出租顺和园两室一厅简装装修,2
出行便捷,2
出门就是地铁5号线,2
包取暖,2
包物业费取暖费,2
北塘菜市场,2
十一经路,2
半年起租,2
华润,2
南仓新苑,2
南北户型,2
南北通透电梯房,2
南益名士华庭玫瑰苑,2
双街新城,2
可停车押一付一,2
可办公,2
可办公可居住,2
可短租押一付一,2
可长租,2
合适,2
吉利花园,2
吉宁里,2
吉祥里,2
周边配套完善,2
和平翰林公馆,2
和盛苑,2
和馨家园,2
善和园,2
国兴佳园,2
国耀上河城,2
地铁二号线,2
地铁房,2
地铁站,2
地铁附近,2
城市之星1室电梯房,2
城市之星精装修,2
城际美景,2
大一室一厅,2
大两室,2
大悦城,2
大江北里,2
大王庄地铁,2
天欣花园,2
天汇中心,2
天津大学,2
天津理工大学,2
天辰世纪天和丽园,2
天霖园,2
好楼层,2
孚泰公寓,2
宁园街,2
安华里,2
宝利国际,2
宝福家园,2
实验,2
家具家电全,2
家具齐全拎包入住,2
家电设施齐全,2
家电齐全简装,2
宾水北里,2
宾水南里,2
宾水里,2
富力津门湖江湾广场,2
富民路街,2
富满里,2
屋子干净,2
巨福新园,2
带地库,2
常州道街,2
干净整洁拎包入住,2
干净整齐,2
干净舒适,2
年底好房,2
延安里,2
建新东里,2
弘丽园,2
彩丽园,2
彩霞里,2
总医院300米,2
悦公馆,2
意境兰庭,2
慧翔龙苑,2
房东直租,2
房东诚心出租房子,2
房子精装修有电梯,2
房租精装修,2
手慢无,2
扶轮中学,2
拎包入住家具家电齐全,2
整租两室,2
整租横江里,2
整租盈江东里,2
整租盈江里,2
新上好房,2
新上房源,2
新出轻轨附近,2
新城樾风华翠樾园,2
新开小学,2
新湾花园(北园),2
新科园,2
新立街,2
无中介费免费宽带,2
时代奥城商住楼,2
昌海公寓,2
春华街,2
景阳里,2
智慧山,2
月坛,2
有意者联系我,2
有暖气,2
有钥匙看房方便,2
朝阳里(北辰),2
松江里,2
柏丽花园,2
柳林街,2
柴楼新庄园竹园,2
柴楼新庄园隆园,2
棉三宿舍,2
楼层低,2
楼层好,2
欣中苑,2
欣昌苑,2
欣然苑,2
正荣府,2
正规的大两室,2
毛坯房,2
民惠里,2
民水民电,2
水木天成阁林园,2
永平巷,2
泉汇广场,2
津南体育公园,2
海光寺地铁站,2
海河医院,2
海泰,2
润景家园,2
湛江路新村,2
溪景苑,2
滨江道,2
滨河新苑,2
漓江里,2
灵秀丽苑两居,2
熙悦汇对面,2
熙悦汇附近,2
爱琴海旁,2
独立两卫生间,2
王顶堤,2
环境好居住舒适,2
现房,2
生态城,2
生活配套齐全,2
电梯洋房,2
畅月里,2
百脑汇,2
盛锦园,2
直租,2
省心租,2
看房我有钥匙,2
看房方便我有钥匙,2
看房方便有钥匙,2
福东里,2
福盛花园,2
禧悦时光,2
秀峰里,2
秋丽家园,2
秋瑞家园,2
租它,2
空港经济区,2
第一次出租,2
简装两室,2
精装loft,2
精装一居,2
精装修2室,2
精装修50.0平米,2
精装修一室,2
精装修低楼层,2
精装复式,2
紧挨天津站,2
紧邻地铁,2
紧邻恒基广场,2
紧邻轻轨站,2
红星大厦,2
红|花园,2
维修,2
绿色家园(宝坻),2
绿萱别墅,2
肿瘤医院地铁站,2
英伦名苑,2
荣兴温泉公寓,2
荣溪园,2
蓝庭广场,2
融创东岸名郡,2
融创半湾半岛,2
融创御园,2
西南角,2
西康路地铁300米,2
西青万达,2
财经大学一号线,2
贻成豪庭,2
赏湖苑,2
辛庄,2
近地铁公交,2
近天津站,2
远洋未来城冬博苑,2
都旺新城兰芳园,2
配置齐全,2
金华里,2
金地悦城大境,2
金堤里,2
金谊花园两室出租,2
金顺园,2
铜锣湾花园,2
长征里,2
长租可议,2
长租短租的都有,2
陆家嘴,2
随时入住随时看房,2
随时可以入住,2
随时可以看房,2
随时可看,2
雅仕嘉园,2
靠近地铁,2
领世郡,2
领秀城两居,2
飞云东里,2
鼓楼,2
龙禧园,2
(上新)名居花园南向一居室,1
106平,1
10号线,1
10号线昌凌路,1
10号线瑶环路地铁站,1
11层到顶小高的二层,1
1300包物业,1
1300月随时看房,1
13中对面拎包入住,1
1400一室一厅卫南向65平,1
1500东西齐全领包入住,1
1500包物业,1
1600包物业,1
160平复式,1
1700包采暖物业费,1
1厅,1
1号线财经大学,1
1号线财经大学地铁站,1
1号线陈塘庄,1
1号陈塘庄地铁站,1
1室1厅1卫45平,1
1室1厅1卫中间楼层,1
1室1厅1卫拎包入住,1
1室1厅1卫精装修,1
1室1厅1厨1卫,1
1室1厅电梯房,1
1室2厅0卫,1
1室30平,1
1室精装修家具家电齐全拎包入住,1
2021年装修,1
22平有钥匙,1
2300元,1
2台空调价格不贵,1
2号线5号线靖江路王串场,1
2号线咸阳路,1
2号线曹庄地铁站,1
2号线曹庄站,1
2号线翠阜新村站,1
2号线长虹公园,1
2室0厅,1
2室1厅3卫,1
2室1厅凯莱赛周边河工大附近,1
2室2厅采光好精装修近地铁电梯房,1
2室2楼,1
2室7层,1
2室免物业取暖,1
2室电梯20层,1
2室精装修步梯3层,1
2室精装修电梯5层,1
2层,1
2居室出租,1
2月底到期,1
2楼的楼房出租,1
388平米独栋,1
3个空调,1
3号线大学城站,1
3号线王顶堤地铁口,1
3号线高新区地铁站,1
3室家电齐全,1
3楼,1
3楼一室,1
4S店旁亲和康园,1
4号线和平路滨江道恒隆天河城,1
4号线沙柳南路泰昌路,1
4室2厅2卫,1
4室2厅3卫,1
4层到顶平墅,1
4楼啊干净大一室,1
58众创,1
59平米,1
5公里,1
5号线2号线靖江路地铁站,1
5号线上盖,1
5号线体育中心地铁站,1
5号线凌宾路旁,1
5号线精装2室,1
5号线精装别墅4室3卫,1
5号线职业大学,1
5号线靖江路,1
5室3厅2卫,1
5居室,1
5楼,1
63中学旁边,1
6oo可租电齐全拎包入住特别干净可议,1
6号线南翠屏地铁口,1
6号线咸水沽地铁站,1
6号线地铁,1
6号线地铁站旁,1
6号线梅江会展中心,1
850包物业,1
900含物业费,1
900月停车方便,1
900每月,1
9号楼,1
9号线张贵庄地铁站,1
9号线新立地铁站,1
H户型,1
H户型两室两卫,1
L中海城市广场纯精装修三室出租,1
YOHO金角前广场右湖视野非常好,1
Yoho民电一居室,1
loft精装修,1
loft跃层户型,1
一中心医院,1
一号桥轻轨旁（金地紫乐广场）精装修loft,1
一号桥雅仕兰庭临地铁（雅仕嘉园）精装两室家电家具齐全拎包入住,1
一号线,1
一号线地铁站,1
一号线洪泥河东地铁站,1
一大街春华园精装两室出租,1
一大街黄海路,1
一室一厅一卫,1
一室一厅出租,1
一室出租家电齐全,1
一室房子精装修,1
一室独单,1
一室独单三楼,1
一室的价格,1
一室简装,1
一室精装房,1
一室视野无遮挡,1
一梯一户,1
一梯两户,1
一梯四户,1
一楼可长租,1
一次性保洁,1
一附属医院,1
一附属边,1
七贤南里,1
七贤南里(商住楼),1
万和兴园,1
万山道地铁站,1
万山道河东万达,1
万新村整租,1
万新村武警医院对面5楼精装独单出租1400月可议,1
万春美钻大厦,1
万春花园,1
万欣城菊园,1
万爱商圈,1
万科东第,1
万科仕林苑精装2室出租,1
万科四季文园,1
万科城市之光(宝坻),1
万科新城丁香苑,1
万科新城惠兰苑,1
万科新城紫荆苑,1
万科新里程家园,1
万科时代中心,1
万科翡翠大道,1
万科翡翠大道精装三室,1
万科西华府芳华苑,1
万科金域国际A区,1
万科金域国际B区,1
万象城附近,1
万达创业总部旁,1
万达商圈,1
万达水西台纯洋房高品质社区1梯2户精装首租南北通透三室两厅,1
万达附近,1
万达青年城,1
万达青年城1室,1
万通颐景公,1
万隆大胡同,1
三个卧室都有空调,1
三个空调,1
三中对面,1
三中附近,1
三义大厦,1
三号线,1
三号线旁,1
三室,1
三室2厅,1
三室一厅,1
三室两卫,1
三室两厅一卫,1
三室两厅两卫,1
三室两厅可合租看房随时都行,1
三室精装修家具家电齐全,1
三室豪华装修,1
三居室,1
三条石街,1
三潭东里,1
三潭路鞍山西道旁,1
上新,1
上杭路街,1
下楼公交地铁,1
下楼公交市场,1
下楼小学,1
下楼就是五大道随时看房啊炒鸡合适,1
下楼就是地铁口,1
下楼泰昌路站,1
下瓦房地铁站旁边,1
下瓦房地铁站附近,1
下瓦房地铁站附近人民公园旁精装修两室家具家电齐全拎包入住二楼,1
不收停车费,1
世纪新村实惠大卧包水电网物业,1
世茂玖熙,1
业主人很好随时入住随时看房,1
业主全新装修陪读居家,1
业主出租价格非常合适,1
业主好,1
业主没住过,1
业主特别干净,1
业主租,1
业主管保洁,1
业主自住,1
业主诚心出租低楼层,1
业主诚心出租六楼,1
业主诚心出租家具家电不配,1
业主诚心出租民水民电,1
业主进店刚登记,1
东丽万达,1
东丽万达广场,1
东丽医院,1
东丽开发区轻轨旁,1
东丽湖绿洲嘉园精装修两室一卫家具家电齐全拎包入住业主自住,1
东丽空港经济区,1
东升里,1
东和家园,1
东和家园一室出租电梯房出行便利临近菜市场三中心医院,1
东惠家园,1
东惠家园1室电梯房,1
东方家园精装两室拎包入住1200,1
东方尚都,1
东方环球影城,1
东方里,1
东景大厦电梯两室,1
东沽两室,1
东海云天干净两室拎包入住包物业采暖,1
东海云天精装两居室,1
东海云天精装两居室临开发区,1
东花园大楼,1
东西可议,1
东西可配,1
东西通透,1
东西齐全可拎包入住,1
东西齐全拎包入住,1
东风里三楼两室押一付一,1
两室一厅房东姐姐非常好,1
两室一厅精装修,1
两室三楼,1
两室两卫,1
两室两厅,1
两室低楼层,1
两室出租,1
两室包物业取暖,1
两室干净,1
两室的体验,1
两部空调,1
中乒公寓简装两室,1
中兴旁边生物研究所远航商务,1
中医一附院,1
中医一附院旁,1
中医院旁合租次卧,1
中嘉花园商圈,1
中天城市风景,1
中央公馆,1
中央空调,1
中山公园,1
中山北里,1
中山门街,1
中心北路辽宁里精装两室,1
中心北里,1
中心北里一室精装修,1
中心小学,1
中楼层3室2厅,1
中楼层一室,1
中楼层干净两室,1
中海,1
中海公园城悦湖苑,1
中海公园城鸣湖苑,1
中海城市广场,1
中海御湖新小区,1
中海联排别墅,1
中环线上,1
中环线长虹公园附近,1
中福朗诗朗福园,1
中等装修,1
中营瑞丽,1
中豪世纪花园,1
中铁建梧桐苑,1
中间户,1
中间楼位流量大,1
中骏柏景湾,1
丰盛园92平米3居室家具家电齐全拎包入住,1
丰盛园带电梯,1
临3号6号线地铁,1
临D铁1.2号线,1
临地铁,1
临地铁商超便利,1
临地铁红旗南路站,1
临地铁近美院摩商超便利出行方便,1
临天津站239号,1
临学校,1
临平里,1
临开发区,1
临近万象城,1
临近万达商圈,1
临近三中,1
临近东站,1
临近东站二中,1
临近东站二中昆一,1
临近四号,1
临近地铁3号线美食一条街第四医院二中五十七中,1
临近地铁3和5号线,1
临近地铁周边设施齐全,1
临近地铁站交通便利,1
临近天津大学,1
临近洪湖路地铁站,1
临近港里,1
临近红旗南路地铁站,1
临近美食一条街第四医院地铁6号线,1
临近西站超市,1
临远洋国际地铁,1
丹江里,1
主卧,1
主打一个省事,1
丽恒花苑,1
丽江花园,1
久华里,1
义江里,1
乐园里31平,1
乐安里,1
乐达里,1
九八三医院,1
九十二十一昆明路,1
九十二十一昆明路西康路,1
九十二十一昆明路逸阳,1
九十二十一逸阳,1
九号线东丽开发区,1
九号线东丽开发区地铁站,1
九州国际精装两室一厅非常干净整洁家具家电齐全拎包住,1
九洲创意园,1
九通家园,1
也可做生意办公1700,1
乡宁里,1
买东西特别方便,1
买菜方便,1
二中,1
二中初中部,1
二二,1
二号线五号线靖江路,1
二号线五号线靖江路站,1
二号线曹庄地铁站,1
二实验,1
二居室,1
二楼2室,1
二纬路,1
二附,1
云丽园,1
云景庭苑130平米三室两卫带储物间,1
云江新苑,1
云江新苑精装好房拎包入住,1
云河park复试设施齐全拎包入住随时看房,1
五一阳光,1
五一阳光锦园三室合租,1
五一阳光锦园两室简装,1
五中附近,1
五十五中学,1
五号线二号线靖江路,1
五号线职业大学天士力整租两居精装修应届免押可月付没有中介费随,1
五号线靖江路,1
五楼不到顶,1
五楼带阁楼,1
五福里,1
五金城,1
井田公寓两室一厅,1
亚泰澜公馆洋房,1
交通也方便,1
产业园启航家园海港城两室押一付一,1
京津新城,1
京滨一室一厅一卫,1
京达明居(南区),1
亮亮堂堂两居室,1
亲和康园,1
亲和美园,1
人人乐力扬国际个人直租,1
人人乐附近,1
人安里,1
人民公园旁二楼两室精装修家具家电齐全智能门锁拎包入住随时可看,1
人民公园附近,1
人民医院地铁站,1
人民医院地铁站旁陪读季龙悦花园,1
人车分流,1
仁恒滨河湾,1
仁盛里一室一厅简单装修押一付三,1
仁盛里两室出租家电齐全,1
付村,1
价位可议,1
价位可谈,1
价可议,1
价可谈,1
价格,1
价格也能再谈谈,1
价格便宜可议房东自己住的房子采光好精装修随时看房,1
价格可商议,1
价格可聊,1
价格可议9号线中山门,1
价格可议干净,1
价格可议河西梅江天浦园临南开翔宇水晶小学有车位临地铁有车位,1
价格嘎嘎便宜,1
价格有优惠,1
价格能便宜,1
价格能议,1
价格面议,1
价格面议随时看房,1
价钱合适,1
伊顿玫瑰,1
众兴里,1
但是这个价格非常合适,1
位置佳,1
位置好,1
位置楼层好,1
位置配套好,1
低层,1
低楼层一室,1
低楼层出租,1
低楼层大一室,1
低楼层正规的大两居室业主诚心出租,1
体北宾水西里,1
体北菜市场,1
体南富源里,1
体育馆街,1
体院北附近2室家电齐全拎包入住价格可谈有钥匙欢迎咨询,1
佳园北里,1
佳园北里小区,1
佳园南北里精装一室一厅,1
佳园里一号线,1
佳宁里,1
佳成苑两室出租,1
佳春里一室一厅双阳面,1
侯台花园,1
便宜两室,1
保利上河雅颂(北区),1
保利上河雅颂(南区),1
保利上河雅颂南区九中十一小配齐家电商量,1
保利大都会天汇尚苑精装3室,1
保利尚林苑,1
保利广场天汇中心整租一室,1
保利拾光年两室精装76平米,1
保利拾光年精装两室77平米,1
保利溪湖林语逸湖苑,1
保利玫瑰湾好房租,1
保洁,1
保疆里,1
修业里,1
候台一室精装好房,1
候台家园一室精装整租,1
假日盈润园,1
停车免费,1
停车方便采光好,1
健身,1
儿童医院,1
元兴新里,1
元吉里,1
元现房,1
兆恒广场,1
光明北里,1
光明区三室干净家电齐临近区政府二中新都等小区环境好,1
光明区精装修2室,1
光湖里,1
免物业取暖,1
免物业取暖费出租,1
免物业采暖,1
免费停车随时看,1
免费接送搬家,1
全南向采光佳,1
全新家具,1
全新家电,1
全网独有大户型,1
全蓟县房源都有,1
全阳面,1
全阳面户型,1
全齐出租,1
全齐大一室,1
全齐干净2室,1
全齐自住,1
八七大楼一室干净整洁低楼层,1
公交站拎包入,1
公交站点,1
六力陪读,1
六力陪长的,1
六号线景荔道,1
六号线解放南路,1
六号线迎风道,1
六合里(滨海),1
兰州道,1
兰江新苑,1
兴华里精装修,1
军馨家园,1
农贸,1
冬博苑,1
冬天不用交暖,1
冶金东里,1
凌奥,1
凌奥产业园,1
凌奥创意产业园,1
凌奥夜市,1
凌奥附近,1
凤园南里随时看房,1
凤园里一楼,1
凤玉里,1
凯德国贸精装loft开间大采光好,1
凯立花园,1
出入方便,1
出小区就是地铁站,1
出来就是,1
出现方便,1
出租65平一室一厅赠露台,1
出租65平一室一厅赠露台月租,1
出租一室一厅精装修1600电梯房特别干净随时看房入住有钥,1
出租世纪嘉园精装两室家电齐全拎包入住,1
出租五一阳光锦园,1
出租五一阳光锦园一居室,1
出租仁和园,1
出租价格美丽,1
出租军丽园的房子家具家电齐全拎包入住干净整洁,1
出租军秀园90三室拎包入住,1
出租军详园80平米的房子家具家电齐全拎包入住干净整洁,1
出租善和园一室一厅,1
出租城西,1
出租大寺95中学旁两室一厅,1
出租大寺亲亲家园两室一厅,1
出租建邦时代汇一室拎包入住,1
出租建邦时代汇复式一室公寓,1
出租惠昊公寓复试,1
出租新村北里精装修拎包入住三室,1
出租昊天园独单一室一厅一月850家具家电齐全拎包入住,1
出租津州花园一室独单.63平精装修,1
出租洲河湾东园二期精装修,1
出租福满园精装两室家电齐全拎包入住,1
出租精装一室,1
出租翡翠湾两室年租金9000,1
出租育才里可短租,1
出租蒲瑞祥园2室简装拎包入住,1
出租裕达家园两室一厅拎包入住3000元,1
出租金旺佳园简单装修2室1厅,1
出租金旺南里家电齐全2室1厅,1
出租金钟街金钟新市镇昱和里干净齐全拎包入住南北通透,1
出租顺和园一室一楼,1
出行交通方便,1
出行便利,1
出行停车方便,1
出行购物方便,1
出门公交地铁,1
出门地铁,1
出门地铁6号线,1
出门地铁口,1
出门地铁站,1
出门就是地铁一号线和10号线,1
出门就是地铁站,1
出门就是地铁站随时可看房,1
出门就是学校地铁,1
出门菜市场,1
刘园一号线,1
刘园儿童医院北辰大厦信誉楼应届生免押金没有中介随时入住可月付,1
刚做的保洁,1
刚刚现场拍摄的图片,1
刚挂上来的电梯好房,1
刚退租三四天,1
创业基地附近,1
创业总部基地附近,1
别划走,1
前光里,1
前程里(河西),1
力扬商业中心,1
力扬商业中心大寺电子厂旁,1
力神电池,1
劝业场,1
办公住都可,1
办公可起照,1
办公居住两用,1
办公居住均可,1
包供暖,1
包取暖包物业包宽带,1
包取暖包维修,1
包取暖宽带,1
包取暖费,1
包含暖气费,1
包宽带,1
包暖气费,1
包物业包取暖费,1
包物业包采暖,1
包物业取暖1300,1
包物业取暖1400,1
包物业暖气,1
包物业暖气费,1
包物业采暖费,1
包车位和WiFI丨龙禧园,1
包采暖齐全干净,1
北,1
北塘中关村,1
北塘洋房,1
北大资源阅城,1
北岸中心,1
北师大旁,1
北师大枫丹园,1
北方金融大厦旁边,1
北方金融大厦鑫银大厦,1
北站地铁站,1
北辰医院,1
北辰大厦,1
北辰爱情海购物中心,1
北辰爱琴海购物中心,1
北辰道五号线,1
医科大学总医院,1
医院对面,1
十一中学耀华中学,1
十华里一室一厅精装房源,1
十号线万山道地铁口,1
十号线五号线昌凌路站,1
十号线瑶环路,1
十号线瑶环路地铁站,1
十号线瑶环路地铁站拎包入住,1
十四中附近,1
千间宿舍精装2室干净整洁舒适宽敞包采暖,1
千间宿舍精装修一室,1
半岛豪庭天潇园错层,1
华亭公寓,1
华亭国际,1
华亭国际公交站,1
华亭国际精装修拎包入住出租南北通透,1
华兴里(西青),1
华夏未来,1
华宁南里1室精装修,1
华富家园,1
华山里3楼两室,1
华山里地铁,1
华康里,1
华明镇独立公寓出租,1
华盛广场,1
华盛广场附近,1
华腾里,1
华苑三居室拎包入住,1
华苑久华里,1
华苑地铁口,1
华苑海泰高新区,1
华苑精装一室,1
华苑精装三室电梯房,1
华都医院,1
华顶置地,1
华鼎智地,1
卓尔商城,1
单独一室一厅,1
南丰里,1
南北通押一付一,1
南北通透H户型,1
南北通透临近地铁,1
南北通透拎包入住,1
南北通透正规两室,1
南北通透的两室出租,1
南北通透采光好,1
南大天大,1
南头窑,1
南头窑大楼,1
南市食品街,1
南开万兴街,1
南开临6号线迎风道站,1
南开临水上公园,1
南开区鼓楼街煦园新居电梯房精装修近地铁,1
南开华苑,1
南开华苑天华里一室拎包入住位置非常好,1
南开四马路南开二玮路旁,1
南开大学,1
南开天塔喜马拉雅包物业包采暖精装全齐可押一付一看房方便有钥匙,1
南开奥城天禧新出好房,1
南开王顶堤,1
南开王顶堤一室红旗南路地铁拎包入住随时看房,1
南开王顶里一室拎包入住性价比高随时看房,1
南开红旗南路地铁站附近一室精装修出租,1
南开观景房,1
南开长虹街,1
南开鼓楼大悦城精装朝南两室大客厅干净整洁家具家电全齐拎包住,1
南开鼓楼西北角,1
南春园62平4楼精装600,1
南站,1
南翠屏,1
博盛园两室,1
博盛园两室精装修紧临大光明六力二小六中开发区,1
博盛园合租,1
卧龙潭别墅多套房源随时看房,1
卫国道,1
卫安中里,1
卫安北里,1
卫津路,1
卫生干净,1
印力中心,1
印力中心梅江永旺,1
印象城,1
印象城伊势丹,1
压一付一,1
原平里,1
县医院对面,1
县医院附近,1
友爱东道,1
友谊楼金融街,1
双地铁带车位,1
双地铁环绕,1
双安里,1
双安里1楼2室,1
双峰道,1
双峰道卫津路旁,1
双旦好房,1
双林,1
双林地铁站旁,1
双环街,1
双空调,1
双街新家园,1
双阳两室,1
双阳卧室精装修,1
双青新家园荣居园旁荣乐园一居室,1
双青新家园荣康园旁盛泽园精装一居室,1
双青盛锦园,1
叠拼都不,1
古文化街,1
只有我有钥匙,1
可,1
可3人合租,1
可以合租,1
可以当宿舍,1
可以提前看房定,1
可以月付,1
可以短租三月,1
可以谈,1
可以配齐家电家具,1
可做买卖,1
可做伴读,1
可做饭有暖气包物业,1
可全齐,1
可养宠物,1
可压一付一,1
可商量天津站意式风情,1
可小刀,1
可居住可办公,1
可居住随时看房,1
可帮忙搬家,1
可当2室用,1
可当两室,1
可拎包入出行非常方便,1
可日租,1
可月付可短租独卫,1
可月租,1
可月租季度租价钱私聊,1
可直接拎包入住,1
可看房可议,1
可短,1
可短租!宜淞园,1
可短租一个月,1
可短租可月付沽上江南一室精装修家具家电齐全拎包入住随时看房,1
可短租四化里4楼一室一厅750家电家具齐全看房有钥匙,1
可短租地铁6号线景荔道站天津大学南开大学津南校区精装拎包入住,1
可短租天津农学院,1
可短租月付3号线高新区,1
可短租月付押一付一2号线卞兴地铁口,1
可短租月付无中介,1
可短租津泊湾途家酒店式一居室,1
可租办公,1
可空房,1
可立即入住,1
可美甲美睫干净能起照,1
可观湖,1
可谈,1
可遇不可求,1
可长租紧邻咸一中,1
台湾路小学旁,1
号线,1
司法警校宿舍简装一室一厅,1
合众大厦对过,1
合众大厦旁边,1
合茂园精装三室两厅两卫,1
吉畅园,1
吉祥里小区,1
同发里(和平),1
同善里,1
同安里,1
同安里2楼,1
后广场地铁周边,1
向阳楼街,1
向阳街,1
向阳路菜市场,1
向阳路街乐园里精装一室留园里北面熙悦汇附近,1
向阳路街西青道旁春畅里精装1室1厅近地铁六楼诚租价格可议,1
君临大厦精装2室,1
君利商厦有钥匙随时可看房具体面议,1
君利商厦设施齐全干净整洁八百有钥匙,1
君悦花苑,1
君澜名邸,1
启航家园两室,1
吴家窑,1
吾悦广场,1
周围商圈成熟,1
周围民生丰富,1
周边便利,1
周边配套齐全.,1
周边配套齐全有钥匙随时入住了,1
和平中心,1
和平南营门街办公楼整租出租,1
和平印,1
和平新房,1
和平里尊盛园,1
和平高档独居,1
和瑞园电梯房非顶层,1
和睦园,1
和美苑,1
咸阳北路街,1
咸阳路小学旁边,1
品牌公寓,1
品牌装修,1
哈密道小学附近,1
响螺湾碧桂园天誉三室二厅两卫随时看房,1
唐口,1
唐口街,1
商圈丰富,1
商圈完善,1
商圈成熟,1
商圈方便,1
商圈配套,1
商圈配套齐全,1
喜凤花园,1
喜凤花园两室7百,1
喜塘优惠房源出炉,1
喜悦购物中心中北店,1
喜欢的来看看,1
嘉华里,1
嘎嘎装修,1
四,1
四信公寓,1
四信里108平住宅三室电梯房采光好环境好随时可住,1
四化里,1
四化里一室,1
四号线,1
四号线沙柳南路旁,1
四号线泰昌路地铁,1
四季广场,1
四楼一室,1
四部空调,1
团泊镇,1
园艺工程研究所小区,1
园荫里,1
园荫里精装修一居,1
国宜北里,1
国际公寓一室一卫设施齐价格面议,1
图片实拍,1
土城地铁站旁边,1
地上可免费停车,1
地华里,1
地暖,1
地暖供热,1
地环里,1
地理位置,1
地采暖,1
地铁,1
地铁2号建国道站,1
地铁2号线,1
地铁3,1
地铁37号线,1
地铁3号金狮桥站,1
地铁6号线,1
地铁7号线,1
地铁一号线,1
地铁一号线六号线,1
地铁上建,1
地铁五六号线旁东湖小学旁,1
地铁十号线,1
地铁周边,1
地铁四号线,1
地铁四号线泰昌路站,1
地铁沿线,1
地铁站旁陪读看过来,1
地铁站西南楼,1
地铁站附近,1
地铁站附近合租房,1
城东,1
城区中心位置,1
城市之星一室电梯房,1
城市职业学院,1
基业二室,1
基本设施齐有钥匙随时能看,1
堤中里一室整租,1
堤中里一楼一居,1
堤南里一室整租,1
塘沽外滩金街一1中旁两室精装家电齐全拎包入住邻近响螺湾开发区,1
塘沽外滩金街旁吉祥里一室精装家电齐全临近响螺湾开发区万达广场,1
塞维阳光,1
壹方九里,1
复式,1
夏岚苑,1
夏欣园,1
外国语学院旁边,1
外滩,1
外滩附近,1
外滩附近福星里小区,1
外环路,1
多套房源紧挨开发区商务区,1
大1室4000.0元,1
大2室,1
大三室两卫,1
大三居,1
大两室全明户型,1
大光明,1
大光明中心,1
大唐洋房,1
大唐盛世唐玺雅苑,1
大学城,1
大学城三号线,1
大寺,1
大寺新家园亲和康园,1
大张庄,1
大张庄镇,1
大悦汇,1
大户型5室,1
大津城购物中心,1
大港步行街旁,1
大王庄街,1
大直沽精装修一室,1
大都会板正豪宅,1
大阳台,1
天任里一室一厅,1
天佑城,1
天兴里,1
天华里1室一厅阳光明亮交通方便紧邻学校商圈配套,1
天华里两居,1
天士力医院,1
天大北五村,1
天宝华苑小区,1
天宝华苑紧邻劝宝超市商业街,1
天宝福苑,1
天山水榭花都怡泽轩(南区),1
天山龙玺,1
天成和平里,1
天拖南盈江里精装修拎包入住63中,1
天河城附近,1
天津之眼附近,1
天津医院附近,1
天津商业大学,1
天津商务职业学院,1
天津国际大厦,1
天津港贻航国际,1
天津瑞府,1
天津瑞府瑞湖雅苑,1
天津电商城,1
天津电商城东区,1
天津科技大学,1
天津站后广场,1
天津职业大学,1
天津艺术职业学院,1
天津节水科技馆,1
天津西站,1
天物轩宇嘉园,1
天琴里两室,1
天百中心,1
天秀园,1
天秀园三室,1
天穆东苑,1
天穆东里,1
天穆天和雅园电梯中高层,1
天赐园,1
天赐园精装三室,1
天铂曜园,1
天鹅湖两室,1
太哇塞了,1
太干净了,1
太阳城橙翠园,1
太阳雨美华大酒店旁,1
头回出租新房,1
奋斗楼小区,1
奥城H户型大两室家具家电齐全明厨明卫,1
奥城一室,1
奥城大三室,1
奥城大津城,1
奥城大津城拎包入住,1
奥城对面直观水滴,1
奥城底商带门面有园,1
奥城精装,1
奥城精装两室,1
奥城酒店式公寓,1
奥翔园,1
女生合租,1
好房别错过,1
好房子呀,1
好房源找小宋,1
好楼层景色宜人上京嘉园一室出租,1
好美嘉园,1
好美嘉园精装修,1
姚村夜市大学城3号线,1
姜井家园,1
婚房装修,1
婚房首租,1
婚纱等,1
子牙东里,1
子牙南里,1
孚德里,1
学府街,1
学府麦谷产业园,1
学校大街,1
学湖里,1
学畔馨园一室一厅远离马路,1
学畔馨园低楼层,1
学畔馨园高楼层两室一厅,1
宁宇家园loft上下两层,1
宁欣花园,1
守扶轮中学,1
安琪花园,1
安裕新村,1
安达里(北辰),1
安达里2楼一居拎包住交通便利,1
安阳里(大沽),1
安静采光好1750元,1
宏达公寓(滨海),1
宜兰里,1
宜兰里精装修,1
宜天花园电梯房,1
宜家家居,1
宜居住陪读,1
宜居园,1
宜淞园单间,1
宜白南里离地铁近拎包入住东西全有,1
宜白路,1
宜鹏园,1
宝利90平米带电梯,1
宝平景苑(西区),1
宝德学院,1
宝鑫景苑,1
宝龙城,1
宝龙城南苑,1
宝龙湾家园精装一室一厅家具家电齐全房子干净整洁拎包住,1
实图有钥匙,1
实地拍摄拒绝虚假康汇医院赛达产业园,1
实房实价,1
实拍图,1
实拍实价,1
实拍照片,1
实景拍摄,1
实景照片,1
实用面积100平左右,1
实验学校陪读,1
实验对过,1
实验陪读,1
客厅空,1
宣惠园,1
室内干净,1
室内环境好,1
室内设施配齐,1
家具,1
家具家具齐全,1
家具家电全新,1
家具家电齐,1
家具家电齐全1100包物业,1
家具家电齐全可配齐,1
家具家电齐全干净温馨,1
家具家电齐全拎包1300包含物业,1
家具家电齐全拎包入住价格可谈,1
家具家电齐全拎包入户,1
家具家电齐全的房子,1
家具家电齐全采光好拎包入住,1
家泰里1室,1
家电,1
家电全,1
家电全新,1
家电家具全齐包物业费,1
家电家具全齐拎包入住,1
家电家具可配,1
家电齐全拎包入住,1
家电齐全随时可以看房,1
家电齐备,1
宸欣家园,1
宽敞干净,1
宽敞明亮,1
宽敞舒适,1
宾水东里,1
宾水西里,1
宾水里中楼层,1
密码钥匙随时可以看房,1
密码锁,1
密码锁送宽带,1
富力华庭小两居,1
富力城华庭,1
富力御湖北苑四居室出租,1
富宜里,1
富家湾三室两卫有阁楼,1
富平里,1
富民河畔家园两室,1
富民里,1
富瀛洲花园,1
富秀园,1
富裕大厦,1
富达里,1
富龙湾出租,1
对过一中,1
对过二十中,1
对过就是菜市场和超市,1
寿园里精装一室,1
寿康里,1
小三室,1
小三室精装,1
小两室,1
小区环境好交通便利,1
小区环境非常好,1
小区自带商业街,1
小区门口,1
小区门口位置,1
小外附近3室2厅2卫好房出租,1
小白楼津湾广场,1
小白楼附近,1
小站东风里,1
小镇西西里,1
小高层一室,1
尚佳新苑,1
尚北园,1
尚清湾精装修找室友,1
层,1
居家必看好房,1
居家陪读,1
居家陪读上班,1
居民楼,1
屋内设施齐全,1
屋子保持的特别好,1
山水和苑,1
山海天家园,1
岳阳道,1
岷江西里,1
川北里,1
川南里,1
州河湾南园,1
州河湾西园,1
工业园区,1
工大师大,1
巨福园公寓,1
巨福园大厦一室一厅2200包物业采暖,1
已改三室,1
市政供暖市政供水电梯直达地库,1
市政里小区,1
师范,1
师范大学南门一楼65平米一室拎包入住,1
带储物间,1
带办公家具,1
带地下车位,1
带有小院,1
带电梯,1
带电梯随时看,1
带装修,1
带车位,1
带车库,1
带阳台,1
带露台,1
常春藤北区电梯小高层,1
干净1室,1
干净1室1厅1卫,1
干净2室,1
干净万达旁,1
干净便宜,1
干净出租,1
干净卫生,1
干净大两室,1
干净好房,1
干净实图,1
干净整洁不存在老化2100元,1
干净整洁价格1400,1
干净整洁拎包,1
干净整洁板正,1
干净首租,1
干净齐全,1
干干净净两室,1
干湿分离卫生间,1
平层,1
年前订房有优惠,1
年底,1
年底特惠,1
年租,1
年终特惠,1
幼儿园,1
广场附近精装两室,1
广建里三室,1
广开街怀仁里一室一厅一卫精装中楼层,1
广开街朝园里一室一厅一卫低楼层简单装修,1
广开街级升里两室一厅一厨一卫低楼层,1
广开街级升里低楼层一室一厅一厨一卫,1
广悦里,1
广播电视局家属楼,1
广汇园,1
庆丰里,1
庆云里,1
庆荣里社区,1
康华里四楼,1
康汇医院,1
康汇医院附近,1
康达尚郡,1
延安里急租两室,1
建安里,1
建安里全明户型,1
建新公寓(津南),1
建昌道,1
建红里温馨两室,1
建设路小区,1
建设里,1
开发区五大街精装一室押一付一无中介费永旺外包园保税区天大宝丽,1
开发区附近天狮大学,1
弘泽城,1
弘泽城两室出租,1
彭山里,1
很干净,1
律笛里南北通透H户型,1
律笛里守万达广场,1
徐官屯街景瑞花园,1
御南创意园,1
御河湾新苑,1
微山里地铁旁,1
微电子厂工业园,1
德云社,1
德信园,1
心港假日苑一期,1
怀仁里,1
怀仁里西南角地铁站大悦城中关村e谷大厦服装街,1
怀庆里,1
思雅苑,1
怡安小区,1
急全齐家具家电,1
急急急,1
急租于泽园三楼偏单1500,1
急租低楼层三楼,1
急租军丽园精装修60一室一厅拎包入住的房源,1
急租堤南里,1
急租大一室,1
急租急租,1
急租林苑北里,1
急租福泽园3室好一楼,1
恒华大厦,1
恒华大厦对过,1
恒华大厦对面急租,1
恒华大厦旁急租,1
恒大帝景,1
恒大帝景新出精装齐全阳面两室,1
恒大洋房上下两层,1
恒大馨园,1
恒悦华府,1
恒益隆庭,1
恒益隆庭大三室,1
恒盛大厦,1
恒祥佳园,1
恒银金融,1
恩德东里,1
恩德西里,1
悦光年900一个月1室1厅1卫,1
悦光年复试,1
悦光年精装两室1300元设施齐全随时看房,1
惠君园,1
惠昊公寓复式设施齐,1
惠灵顿河庭花苑精装南北通透三室两卫干净整洁拎包住,1
惠灵顿河庭花苑首租精装三室两卫房子本身非常干净只是有些杂物,1
惠阳里(河西),1
愉悦港湾,1
懿德园低楼层一室一厅,1
成林道站双地铁,1
户型好,1
户型好价格低,1
户型敞亮,1
房东好说话,1
房主人比较利索事少,1
房主好,1
房主好说话,1
房主承包水电气物业费取暖费宽带费全包,1
房主首ci出租,1
房价格便宜又有商量,1
房子出租,1
房子大还干净,1
房子太好了,1
房子干净停车方便,1
房子干净拎包入住,1
房子干净环境舒适,1
房子干净采光好,1
房子挺好的,1
房子是真好呀,1
房子没毛病,1
房子特别好啊,1
房子精装修1楼的带小院,1
房子精装修低楼层业主出租,1
房子精装修有电梯随时看房,1
房子精装修随时也都可以看房,1
房子精装修随时看房,1
房子豪华装修可以短租可以长租,1
房子采光好,1
房子随时看房,1
房子非常干净,1
房屋干净整洁,1
所看及所租,1
打扫卫生,1
找个稳定租户爱惜房子就行,1
找短租,1
抓紧联系,1
押一付一没有中介费,1
押一付三随时住,1
拎包住精装修,1
拎包入住2000元,1
拎包入住交通便利,1
拎包入住价格可聊,1
拎包入住出行方便,1
拎包入住合适,1
拎包入住啊,1
拎包入住押一付一,1
拎包入住有钥匙随时看房,1
拎包入住欢迎咨询,1
拎包入住看房方便,1
拎包入住采光通透交通便利,1
拎包入住长租,1
拎包入住随时看,1
拎包入住随时都可以看房入住,1
拎包入住非常干净,1
拎包能住,1
招商津湾天玺,1
招商蛇口云顶广场,1
招商雍景湾,1
拜泉里,1
挂甲寺街,1
挨万达爱琴海地铁四号线,1
挨着地铁,1
挨着大悲院,1
振财里,1
振财里低楼层两室,1
接受租半年1100可议,1
提包入住,1
揽城苑,1
支持押一付一,1
整洁一室诚意出租,1
整洁一居,1
整洁两居,1
整租一室,1
整租一室押一付一,1
整租乐园里,1
整租二号桥街建新东里1居室,1
整租堤翠家园,1
整租塞纳公馆,1
整租张贵庄夏欣园2居室,1
整租溪悦园,1
整租燕园里,1
整租西于庄子牙里1居室,1
整租迎风里,1
文善里,1
文静里,1
新一中心附近新出,1
新上3室2厅1卫,1
新上万科金域华府精装一室,1
新上万科金域华府精装三室,1
新上东兴里一室自住装修业主诚心出租看房方便,1
新上东兴里二改三全齐装修随时看房近小吃街菜市场物美公交站,1
新上好房地铁9号靠近津塘路187,1
新上好房婚房装修拎包入住随时看房,1
新上富力御湖两室精装出租,1
新上小两室,1
新上金泰丽湾2室,1
新上高雅公寓两室出租,1
新业广场,1
新业广场对面,1
新业御园,1
新义信里,1
新交付,1
新佳里,1
新兴西里两室一楼,1
新出二中旁精装两室,1
新出房源,1
新出房源没有中介费,1
新出房源看房方便,1
新出炉,1
新博园2室电梯,1
新园里(滨海),1
新城家园精装两室干净整洁包物业采暖随时看,1
新城小区,1
新城樾风华2室,1
新天地家园,1
新天地家园3室电梯精装,1
新开河街,1
新房精装修,1
新旭园,1
新村上海道新兴里小区,1
新村北里,1
新村新港大街小区,1
新杰盛里小区两室一厅精装修,1
新桥里,1
新梅江高端公寓,1
新河街道1室1厅1卫,1
新港,1
新港精装一居室,1
新港胜阳里精装2室,1
新港街,1
新湾两居电梯两居室,1
新湾北园,1
新湾花园三居室好楼层,1
新湾花园两居基本设施齐全随时可以拎包入住,1
新濠广场鑫谷科创产业园,1
新祥园,1
新立,1
新立九号线地铁站,1
新立镇,1
新都大厦,1
新都家园精装一室有电梯,1
新里程花园,1
新闻里,1
方便停车,1
方便看房,1
无中J直租,1
无中介费免费保洁宽带密码锁可月付,1
无中介费免费保洁宽带锦园里,1
无中介费合租房,1
无押金,1
无物业费,1
无能源费用,1
无锡道大楼小区,1
日远里靠近大胡同,1
早市近,1
旭辉御府,1
旭辉香郡,1
时代名居,1
时代名居(滨海),1
时代奥城,1
时代奥城新出大两室电梯房非顶层地铁五六号线九中附近价格可议,1
时代奥城精装修三居,1
时代奥城非顶层婚房装修,1
时代数码,1
时入住保洁已做,1
旺海国际公寓,1
昆云里,1
昆璞里,1
昆石里,1
明珠工园,1
易川里,1
昔阳东里,1
昔阳南里精装修,1
星光园,1
星光苑,1
星光路小学,1
星宇花园屋内干净整洁,1
星海苑两室出租,1
星耀五洲跃层,1
春华小区58型二楼,1
春泽苑,1
春熙云峰,1
春熙明月三室两卫,1
晋宁北里,1
晓镇家园,1
晓镇精装两室,1
晚了就没了,1
普兴里,1
普泽家园,1
普泽家园精装修一室随时可看,1
普润家园,1
普通装修,1
普通装修干净,1
景福里,1
景翠园,1
景致里省心租,1
景荔道六号线,1
景荷道六号线,1
暖气热,1
暖气真热啊,1
月付可短租六号线南翠屏地铁站,1
月付可短租天津师范大学,1
月付好房,1
月付房租,1
月光园1室电梯房,1
月光里,1
月憬苑,1
月秋里,1
有免费200兆宽带,1
有双地铁,1
有楼台,1
有物业管理,1
有电梯随时看房,1
有空调,1
有部分家具家电,1
有钥匙可以随时看房,1
有钥匙居住舒适,1
有钥匙看房随时,1
有钥匙随时看房入住,1
有院子和车位,1
有隔断房间,1
朗文名邸,1
朗月轩精装通透三室出租了,1
朗钜天域维尔蓝堤(北区),1
朝华园复式loft,1
朝南精装整租,1
朝向好,1
未住过,1
未来城,1
未来城商圈,1
未来城春泽苑两室两厅两卫精装修特好,1
未来广场对面,1
本周推荐朗月轩实惠两室出租,1
本小区房源很多,1
本店还有多套房源,1
李七庄,1
李七庄街凌福郡庭大两室一厅,1
杜绝虚假,1
杨楼,1
杰盛里小区,1
松江城,1
松江城拎包入住,1
松风东里近二号线屿东城地铁包物业取暖精装修可拎包入住无中介费,1
松风西里,1
林奇郡精装高层,1
果园里,1
枫丹天城,1
枫情阳光城,1
枫畅园90三室瓷砖地面现房也可配齐东西,1
柳兰花苑,1
柳溪苑,1
柳溪苑院内,1
柳苑公寓,1
柳轩苑,1
柴楼新庄园金园,1
校苑小区,1
桂江里(河西),1
桂江里大两室,1
桃源观邸,1
桃花园东里,1
桐景园,1
桥园里电梯房两室一厅精装修拎包入住,1
梅江会展中心,1
梅江会展中心山姆会员超市永旺梦乐城梅江店温州国际,1
梅江康城益康园,1
梅江永旺保洁工业公司精装一室,1
梅江涟水园,1
梦泽家园2居室出租,1
梧桐北里精装三室两厅两卫,1
梯房,1
楚雄道附近进装修一居室1800押一付一,1
楼下地铁,1
楼下地铁三号线铁东路站,1
楼下是二号线卞兴站口,1
楼下有大型菜市场,1
楼层好价位优惠,1
楼间距大,1
次出租,1
欢迎咨询,1
欢迎随时看房,1
欣嘉园公寓一室精装,1
欣居园,1
欣平苑,1
欣昌苑新出优惠精装两室,1
欣美园精装三室,1
欣雅苑,1
欧铂城小区,1
正康里,1
此价只此一套,1
步行滨江道1,1
武警医院,1
每月1800元,1
民和巷景苑一室精装,1
民康园,1
民水民电有燃气,1
民用水电,1
民畅园,1
民盛里小区,1
民航大学,1
气象新苑,1
气象西里,1
水上公园,1
水上公园体育中心,1
水上温泉花园,1
水墨兰庭,1
水西园,1
永定里,1
永旺购物中心,1
永辉超市,1
永进楼小区,1
汇成广场,1
汇颐大一室,1
汇颐花园,1
汉沽三中旁,1
汉沽六中附近三明里两室一厅拎包入住双气,1
汉沽六中附近馨月庭苑两室精装修拎包入住,1
汉沽大丰路附近平阳里一室一厅拎包入住双气车棚,1
汉沽开发区附近天房泰安里电梯房小两室一厅拎包入住,1
汉沽河西宜春里两室一厅拎包入住双气车棚,1
江湾广场,1
沁雅苑干净大三室,1
沁风御庭,1
没有中介费,1
没有家具,1
河东万达广场,1
河东万达旁,1
河东大王庄,1
河东爱琴海精装复式阳面办公好房,1
河东爱琴海精装平层商住两用好房,1
河东爱琴海购物中心,1
河东爱琴海逸品轩品质小区居住电梯两室好房,1
河北中心小学,1
河北中心小学好房降价急租,1
河北区光复道街,1
河南路海洋馆对面天润园精装三室,1
河工大红桥中学旁,1
河怡花园,1
河西1号线复兴门地铁口,1
河西人PIAN,1
河西大沽南路古芳里,1
河西梅江精装修落地窗陪读翔宇水晶采光好距离寰宇城很近可短租长,1
泉江里小区,1
泰和新都精装一室,1
泰富裕园,1
泰山里精装三室近公交地铁紧靠茂名道菜市场,1
泰康里,1
泰祥里,1
泰达低楼层通透两居,1
泰达港湾两室,1
泰达金色领地,1
泽天下顺泽园,1
洋房,1
洋房四楼,1
洋房有钥匙随时看,1
洋房精装修三室出租,1
洋货附近,1
津兰农贸市场,1
津南区八里台,1
津南新城,1
津南新城合力园,1
津塘公寓,1
津塘公路,1
津洲花园两室整租,1
津洲花园精装修两室半年起租随时看房拎包入住,1
津涞路,1
津莱立交桥,1
津铁和苑,1
津铁惠苑,1
津铁美苑,1
津门里,1
洪泽花园一室一厅出租,1
洪湖里站,1
洪湖里西北角陆家嘴天佑城整租一居应届免押可月付没有中介费随时,1
海光寺,1
海光寺地铁站附近,1
海吉星,1
海天园精装两室,1
海峰公寓,1
海教园,1
海景雅苑,1
海汇名邸,1
海沣苑,1
海河中学对过,1
海河华鼎精装两室两厅两卫家具家电全齐干净整洁拎包住视野看海河,1
海河大观,1
海河教育园,1
海泰创新基地,1
海蓝城,1
海颂园47平米精装修全齐,1
润和馨苑,1
润泰园,1
润阳馨园,1
涪江南里三楼.临近地铁月牙河站.周围商圈成熟.随时看房,1
淮盛园,1
渔阳中学,1
温州国际商贸,1
温馨干净,1
温馨舒适,1
温馨阳面,1
港云里,1
港口医院,1
港明里,1
湘江里,1
溪秀苑,1
滨江道五大道附近,1
滨江道营口道旁,1
滨江道附近,1
滨海西站附近,1
滨湖旁,1
潞河丽苑,1
瀛台里,1
灵秀丽苑,1
灵隐道旁,1
照湖里,1
熙悦汇汾水道小学附近,1
爱尚街,1
爱建公寓,1
爱琴海,1
爱琴海两套打通大平层,1
爱琴海多功能写字楼,1
爱琴海楼上精装复式阳面通透边户商住好房,1
爱琴海精装修loft,1
爱琴海红星大厦2号楼挑高4.8可起照,1
爱琴海红星大厦3号楼阳面精装复式,1
爱琴海阳面边户超干净的大平层带隔断里外间,1
物业直租,1
物美超市,1
特别合适,1
犀地,1
独厨独卫出租,1
独栋,1
独立卫浴,1
玉容花园,1
玉峰花园,1
玉皇里,1
王串场,1
王兰庄,1
王顶堤三号线,1
王顶堤商贸城,1
王顶堤地铁站3号线,1
王顶堤精装一室房子,1
王顶堤精装两室,1
王顶堤附近一居室电梯房精装修,1
玫瑰湾花园,1
环内,1
环境好中楼层居住舒适,1
环宇城,1
环湖医院,1
环湖南里,1
环湖南里两室房源推荐,1
环盛里4楼,1
现代城一室一厅带电梯,1
现场拍照,1
现房有钥匙看房方,1
玺悦峰,1
玺悦峰精装两室出租,1
珠江石材,1
珠江里(滨海),1
班车近,1
理工大学家属院两室一厅地铁3号线6号线户型好拎包入住,1
瑞德里,1
瑞景大三室,1
瑞景新苑一号线,1
瑞景街,1
瑞桐家园,1
瑞海大厦,1
瑞海大厦1室拎包住,1
瑞祥花园小区电梯楼,1
瑞竹大厦精装1室1厅2卫,1
瑞翔家园,1
瑞鹏家园,1
甄房源,1
生态城旅游区宜禾南湾美欣园精装三居出租,1
生态城鲲玉园精装三居室出租,1
生活居家,1
生活居家好地方,1
生活方便,1
田园庭院,1
电力双碳中心,1
电梯一室,1
电梯两室,1
电梯入住,1
电梯房三室出租,1
电梯房可做饭,1
电梯洋房实用3居室,1
电梯精装,1
电梯精装一室,1
畅悦华庭,1
白领公寓拎包住实图,1
百脑汇旁1楼2室,1
盈江路,1
盈江里,1
盈江里1室,1
益中附近,1
益春里,1
益盛医院,1
盛世凯悦,1
盛和丽园,1
盛星东海岸,1
盛泰嘉园,1
盛泽园,1
盛海公寓,1
直接200元急租人人乐对面,1
直沽园,1
直降200元康汇医院对面,1
直降800元,1
看房子方便,1
看房提前联系,1
看房联系,1
看房联系.,1
看海河,1
真价格,1
真实价格图片,1
真实图片包物业家具家电齐全有钥匙随时看房,1
真房,1
真正办公大户型好房,1
真的很不错,1
真精致,1
短租,1
短租1月起,1
短租月付精装修拎包入住地铁10号线江湾二支路江湾广场华兰萨顿,1
短租都可以,1
碧水家园DE区,1
碧玉家园,1
碧玉家园出租,1
神女像一中附近,1
祥云名苑,1
祥和家园精装修两室包物业采暖,1
祥汇园,1
祥泽园,1
祥福里临近海河教育园,1
祥诚新苑,1
福东北里精装修,1
福园里,1
福地广场简装一室包暖气可短租3个月找到一个温馨的,1
福庭里,1
福康花园一楼家电齐干净出入方便临近特岗九龙经济开发区等,1
福康花园三室简单家具二楼好停车临近特岗九龙等,1
福明里,1
福星里,1
福林里,1
福汇园,1
福泉花苑两室一厅一般装修家电齐全随时入住干净,1
福泰温泉公寓,1
福渔园,1
福芳园两室大桶厅,1
离商场近,1
离学校近,1
离小区门口很近,1
离超市近,1
秀川路电梯洋房,1
秀悦园,1
秀霞里,1
秋霞里,1
科技大学附近,1
科技实验小学熙悦汇附近,1
租户稳定,1
租金1800元,1
租金900设施齐全,1
租金只要1100元,1
租金可议,1
移动分公司可免押金,1
程光里小区,1
程林一村,1
程林里,1
程林里三楼一室,1
程林里大一室,1
空家可办公,1
空房三室,1
空房大一居适合办公居住,1
空房房东可配东西,1
空房适合办公或做生意的人,1
空方也可以,1
空间大,1
立兴里,1
立德中学,1
竞业里,1
第一次出租高家电,1
第二耀华中学旁,1
签约送保洁,1
简单家具家电,1
简单装修一室,1
简单配置,1
简装一室,1
简装三室,1
简装四室,1
简装大一室,1
米兰世纪一期别墅,1
米兰世纪联排别墅,1
精致一楼一居,1
精致单间,1
精致小一居,1
精装一室一厅,1
精装一室全齐,1
精装一室出租,1
精装一室房间干净家具家电齐全,1
精装一室拎包入住,1
精装一居室,1
精装三室两卫,1
精装三室拎包入住随时看房,1
精装三居,1
精装两室一样大,1
精装两室全屋地砖,1
精装两室带厅,1
精装两室拎包入住,1
精装两居,1
精装二室低楼层拎包入住,1
精装低层公寓,1
精装修.价位可议,1
精装修loft,1
精装修一室电梯房,1
精装修一居室整租,1
精装修三室,1
精装修停车免费,1
精装修可拎包入住,1
精装修复式,1
精装修大两室,1
精装修婚房,1
精装修家电家具齐全可以当2居使用里面有一间,1
精装修家电家具齐全拎包入住,1
精装修拎包入住,1
精装修离市场近购物,1
精装修红旗路西营门外小学,1
精装修采光非常好,1
精装修阳光足科技实验小学熙悦汇附近,1
精装修阳面主卧,1
精装修随时入住有钥匙,1
精装修随时看房拎包入住0中介,1
精装全齐,1
精装全齐3楼一室,1
精装全齐三室,1
精装全齐出租,1
精装全齐拎包住无中介费,1
精装公寓,1
精装包物业取暖无中介,1
精装四居双卫,1
精装复式loft,1
精装复式两室,1
精装复式干净好房,1
精装复试1室,1
精装大两室,1
精装大两室可当三室用,1
精装好房,1
精装好房干净,1
精装婚房,1
精装家具齐全,1
精装小三室,1
精装小两室,1
精装小两居家电齐全拎包入住有钥匙随时看房,1
精装无中介费,1
精装独卫,1
精装现房,1
精装跃层,1
精装边户复式,1
精装通透两室,1
精装领包入住,1
紧临河东万达爱琴海配备齐全拎包入住,1
紧凑户型采光好,1
紧挨商业街,1
紧挨城际佛罗伦萨小镇,1
紧邻一号线佳园里站,1
紧邻一号线本溪路地铁站,1
紧邻一号线本溪路站,1
紧邻一号线洪湖里地铁站,1
紧邻万象城,1
紧邻二号线曹庄地铁站,1
紧邻五大道,1
紧邻人人乐购物中心,1
紧邻公交站,1
紧邻凯德MAL,1
紧邻凯莱赛和洪湖里地铁站,1
紧邻北仓小学,1
紧邻北师大学校,1
紧邻医大二院地铁急租,1
紧邻医大二院地铁站,1
紧邻南楼地铁,1
紧邻南楼地铁站,1
紧邻友谊大厦,1
紧邻合众大厦,1
紧邻咸二中,1
紧邻四中,1
紧邻四十一中,1
紧邻国贸购物,1
紧邻外国语学院,1
紧邻小白楼地铁站,1
紧邻广场,1
紧邻恩德里小学,1
紧邻新一中,1
紧邻梅江西青万达周庄子馨睦家园电梯两室2000免费停车,1
紧邻海河中学,1
紧邻海河摩天轮,1
紧邻益中,1
紧邻菜市场,1
紧邻高铁拎包入住,1
紧靠,1
紧靠地铁站,1
紫乐名轩,1
紫云雅苑两居室,1
紫江一室出租,1
紫江市场,1
紫江馨苑,1
紫罗园,1
红光家园,1
红旗南路三号六号线,1
红旗南路地铁旁,1
红旗南路地铁站3.6号线,1
红树花园,1
红桥区洪湖里1号线整租一居室无中介费包物业取暖宽带应届生免押,1
红桥邵公庄街,1
红波里,1
红|公寓,1
级升里,1
纯真里小区精装2楼一室室内设施齐全,1
纯阳面大一室一厅,1
经典一居,1
经纬2期学府华庭首租三居紧邻杨一拎包入住,1
经纬一期1室1厅1卫,1
经纬一期精装一居,1
给价就租,1
给配床价格可谈大商量,1
绚丽园,1
绥中楼,1
绮云里,1
绿城,1
缺少的家具家电都可以配置业主人很好,1
美丽新都,1
美宁公寓,1
美术中学,1
美林园精装两室2300月,1
美福园(一期),1
美达菲附近,1
美院地铁3号金狮桥站,1
群富里,1
翔宇水晶学校对面,1
翠萍园,1
耀华中学旁边,1
耀远里,1
职业师范大学,1
联东U谷,1
联系,1
聚泉楼两室拎包入住1100供暖中,1
聚龙园,1
育才里第一次出租在搬家好楼层,1
育水佳苑c区,1
育红东里,1
育红东里俩室简单装修家具家电齐全1500,1
育红东里可短租,1
胜利街,1
胡家园安达里(滨海),1
能看海河采光好,1
腾悦馨园,1
自住房出租,1
自住精装,1
自家住的房,1
自家直租,1
自带地下车位,1
自带车位,1
自立陪读,1
舞蹈,1
艏次出租,1
芙蓉湾花园带阁楼私密性好,1
芥园街,1
芥园西道地铁,1
芥园西道地铁站,1
芥园西道地铁站附近,1
芥园里,1
花园北里,1
花园南里2室1厅1卫,1
花香漫城,1
芳唐苑三室精装全套家具家电第一次出租,1
茂业大厦金街地铁站附近,1
荔隆,1
荣强里,1
荣悦园,1
荣欢园,1
荣溪园两室简单装修,1
荷塘苑小高,1
莱茵小镇旁乐美花园,1
莲香园(东区),1
莹华里2室一厅,1
莹华里精装一室,1
菜市场对面,1
菜市场近,1
营口道,1
营口道地铁,1
营口道地铁13号线精装出租,1
落地窗带阳台,1
蓝光两居室,1
蓝光精装修两室,1
蓟县房源,1
蓬莱新里,1
蔚蓝轩,1
虎林里,1
虹都名苑,1
蝶桥公寓,1
融侨观澜,1
融创君澜,1
融御融景铭邸,1
融景名邸,1
融汇北苑,1
融泰城三室精装房源,1
融科心贻湾,1
血液病医院,1
血液研究所对过,1
装修太棒了,1
装修豪华,1
装饰城,1
裕和家园,1
裕德里,1
裕欣楼,1
裸房随时入住,1
西,1
西侧星城,1
西关北里精装一居电梯房鼓楼西南角家电齐全随时看房,1
西北角,1
西南楼地铁,1
西南楼地铁站精装修,1
西园西里,1
西安道,1
西康路,1
西康路地铁站旁,1
西沽街水竹花园精装修,1
西邻村,1
西邻村小区,1
西青万达广场,1
西青万达广场馨睦家园电梯精装两室2100免费停车,1
西青大寺万达,1
西青大寺工业园区附近精装两室看房方便价格可谈,1
西青张家窝镇杰盛里两室一厅,1
要不要来看看,1
观景好,1
观景房源,1
观景里,1
观海河,1
视野佳,1
视野好干净整洁拎包入住.,1
视野无挡,1
解放南路六号线,1
詹滨里,1
讷河里,1
设施齐,1
设施齐全2居室,1
设施齐全拎包,1
设施齐全有钥匙随时能看,1
诗景凤苑,1
诗景广场,1
诗景颂苑,1
诚基,1
诚基中心国际公寓,1
诚基大厦精装loft,1
诚基经贸中心,1
诚基角房,1
诚意出售,1
诚意出租,1
谦福里采光好1室1厅1卫,1
豪华一室,1
豪华装修出租,1
豪装,1
贝肯山莫缇园精装2室,1
贝肯山豪华装修两室出租,1
财大地铁站旁,1
财大地铁站附近,1
财富广场伊势丹,1
购物广场,1
贵厚里,1
贵山里,1
贸源里,1
贺福里,1
贻信园精装三室两卫出租家电家具齐全可长租,1
贻成尚北,1
赛达旁大寺整租,1
赠送周保洁,1
赠送宽带,1
赶紧抢,1
超值,1
超合适,1
超大主卧,1
越秀路菜市场,1
路劲太阳城皓阳园,1
路劲隽悦府,1
轻轨对面,1
轻轨站,1
边户,1
边户有车位,1
辽宁里,1
迎水东里,1
迎水大厦,1
迎风里,1
迎风里精装修一居,1
迎风里精装修一居室,1
运泽中区,1
近2号线屿东城地铁站,1
近9号线,1
近万达爱琴海,1
近二玮路地铁站,1
近人人乐,1
近人人乐近地铁一号线六号线,1
近人民医院地铁学校,1
近八十中,1
近公交站,1
近公园菜市场,1
近医院,1
近十月市场,1
近千间宿舍,1
近嘉里汇,1
近地铁一号线,1
近地铁六号线,1
近地铁学校,1
近地铁拎包入住,1
近城际小镇,1
近外环,1
近大光明万达开发区六力,1
近大润发,1
近天津55中学,1
近开里干净整洁小两室生活配套齐全,1
近开里精装2室干净整洁拎包入住,1
近新华南路小学（分校）,1
近本溪路地铁,1
近永旺宜家,1
近海光寺地铁站,1
近珠江道和旁边茶城,1
近营里,1
近西南楼地铁站,1
近西青大悦汇,1
近诚基中心,1
近鞍山西道地铁站,1
近高铁,1
这个价包物业取暖新港街,1
进步里(南开),1
远大城一室一厅一厨一卫,1
远洋国际顺驰桥,1
远洋城滨华花园临近未来汇精装一室家电齐拎包入住小区免费停车,1
远洋城滨尚花园,1
远洋广场,1
远洋新干线,1
远洋未来城沁雅苑,1
远洋风景三室,1
连心里小区,1
追求品质的的看过来,1
送入户保洁,1
适合周边上班族,1
适合培训,1
适合小两口居住,1
适合西装,1
适合陪读,1
通透户型,1
通鑫园,1
邻商业街近,1
邻市场,1
邻开发区于家堡轻轨站9,1
邻水系,1
邻西康路地铁,1
邻近六号线渌水道地铁口,1
邻近凯莱赛,1
邻近地铁,1
邻近地铁10号线5号线交通方便,1
邻近高铁站2室简单装修,1
郑业里,1
都可以聊,1
都市桃源,1
都汇杰座,1
都用防尘膜铺着,1
配备,1
配套优秀,1
配套全齐拎包入住随时看房,1
配套设施齐全,1
配套齐,1
配套齐全拎包入住,1
配置中,1
采光充足,1
采光好好好,1
采光好拎包入1室1厅1卫,1
采光好落地窗拎包入住,1
采光无遮挡,1
采光无遮挡拎包入住,1
采光足,1
采油小区51型偏单2楼,1
重建里,1
重新装修好房源配套齐全,1
重阳里,1
重阳里大独单,1
金侨宸公馆一期阁楼出租,1
金侨瑞公馆(一期),1
金兆园,1
金兆园电梯精装大一室,1
金冠里,1
金冠里精装修一居,1
金凤里(北辰),1
金利来蛋糕店后边,1
金厦里,1
金友花园,1
金友花园两室一厅出租,1
金友花园简装两室出租,1
金地广场,1
金山里(河西),1
金庄公寓,1
金御中央,1
金德园,1
金才园,1
金才园一室出租,1
金才园两室一厅,1
金泰丽舍一居精装拎包入住月租1300可议,1
金泰丽舍精装随时入住,1
金湖湾三室婚房出租,1
金瀚园,1
金玉二园精装一室出租,1
金环里1室精装修,1
金皇大厦对面,1
金禧园,1
金科天湖南苑,1
金翠澜庭,1
金茂,1
金茂广场,1
金茂广场(商住楼),1
金茂科学智慧城,1
金融街融汇,1
金街二室房子出租,1
金街外滩附近,1
金街附近,1
金角位置,1
金龙花园,1
鑫怡路,1
鑫港园,1
鑫源花苑,1
鑫茂科技园,1
鑫谷科创产业园,1
钥匙在手,1
钥匙房随时看,1
钥匙看房拎包入住,1
铁东路街,1
铭海园,1
银达公寓,1
错过无,1
锦江楼,1
锦润华庭,1
锦绣欣居,1
长华里南北通透五楼两室双阳居家陪读房源,1
长华里精装修两居,1
长江里2室,1
长短租均可,1
长租,1
长租优惠,1
长租免中介费,1
长租包取暖费,1
长租包暖气费,1
长租更优惠,1
长租每月1000元,1
长租短租均可,1
长租短租都可以,1
长租还有优,1
长虹商圈阳路小学人民医院附近,1
长虹街,1
门口买东西方便,1
门口地铁510号线,1
门口地铁站,1
闻涛园,1
阅海名筑,1
阳光100天塔喜马拉雅精装一室全齐看房方便包物业无中介费,1
阳光城未来悦,1
阳光金地,1
阳新里,1
阳明里两居,1
阳面,1
阳面4室还有储物间,1
阳面一室,1
阳面复式月付月付,1
附带地下车位,1
附近,1
附近交通便利,1
附近有一号线和六号线,1
陈塘庄,1
陈塘庄街,1
降价了,1
限时半价,1
陪读上班,1
陪读大面积,1
陪读好房,1
陪读好房泽园公寓精装2室,1
陪读季推荐,1
陪读必选,1
陪读的来,1
隆春里,1
隆盛花园,1
随时也都可以看房,1
随时住有钥匙,1
随时入,1
随时入住有钥匙,1
随时可以看房价格还能再谈谈,1
随时带看,1
随时拎包入住,1
随时看价格可议,1
随时看嘎嘎好房,1
随时看房南北通透,1
随时看房我有钥匙,1
随时看房拎包入住,1
随时看房有钥匙家电齐全拎包扼住,1
随时看房随时入住,1
随时看房随时入住4楼的业主人很好,1
随时看房随时入住5楼的业主人很好,1
随时看有电梯,1
随时能看,1
随看,1
雅云里,1
雅园里,1
雅环里,1
雅致里,1
雅致里(南区),1
雅颂居132平米2室2厅2卫家具家电齐全拎包入住,1
雍海园,1
雪优花园,1
需要地铁的看过来,1
需要的联系我,1
霞东别墅小区,1
霞光里,1
青云里,1
青年白领公寓,1
靓东花园,1
靖博园,1
靖博园两室,1
靖江路五号线,1
靖江路地铁站,1
静德花园,1
非中介,1
靠四中心急租,1
靠第四医院,1
靠近,1
靠近地铁7号线,1
靠近地铁站,1
靠近小区门口位置,1
靠近海光寺地铁,1
面积大,1
鞍山西道信诚大厦旁,1
鞍山西道地铁,1
鞍山西道地铁站附近,1
鞍山西道天大设计院,1
鞍山道地铁400米,1
鞍山道地铁站,1
鞍山道小学陪读必选,1
鞍山道陪读或上班都适合,1
音乐,1
音乐学院附近,1
顶楼清静,1
顺兴小区,1
顺兴小区四楼家电齐干净采光好临近二中教育局等,1
顾安里,1
领世郡尚景园,1
领包即住,1
风光里,1
风湖里,1
风湖里小区,1
风致里两室一厅,1
风致里精装近地铁一号线,1
风貌里小区,1
首,1
首住,1
首月减一千,1
香山道地铁附近,1
香榭世家两室,1
香江两居好楼层出租基本设施齐全,1
香邑国际近程林东里菜市场可短租可月付精装修拎包入住无中介费,1
香雪苑,1
馨和家园,1
马场街,1
马场道,1
马场道小学旁边,1
高品质小区,1
高层不到顶,1
高性价比,1
高新区地铁站旁楼下公交站,1
高新区地铁站边上保利和光尘樾精装两室出租拎包入住价格可以谈,1
高新里,1
高档住宅近地铁,1
高档小区,1
高银金融117大厦,1
鸿雁里,1
鹏展非沃大厦,1
麦谷产业园,1
麦迪逊广场,1
黄庄附近,1
鼓楼街,1
齐全拎包入住,1
齐河路3号楼,1
龙亭家园,1
龙亭家园一梯一户豪华装修4室,1
龙凤里,1
龙博花园,1
龙天园,1
龙天园精装两室紧靠十三中陪读必备,1
龙居公园拎包入住独卫,1
龙居生活广场,1
龙津园两室一厅,1
龙湖九里晴川,1
龙湖天璞,1
龙熙帝景,1
龙顺园家具家电齐全拎包入住,1
（可短租）免中介费,1
（必看好房包网）万通颐景公寓,1
（新上必看好房）落地窗,1
